country,datadate,ew_return,vw_return,period
AUS,2020-02-29,-0.1066545256018964,-0.0882942038933995,Other
AUS,2020-03-31,-0.2174920631975785,-0.1859538940374424,Crisis
AUS,2020-04-30,0.375251711569365,0.1577154091734359,Crisis
AUS,2020-05-31,0.1777358656064386,0.0925230158483405,Crisis
AUS,2020-06-30,0.111192458539107,0.0453589989550797,Crisis
AUS,2020-07-31,1.1909508997966876,0.086114998251243,Crisis
AUS,2020-08-31,0.2236577022531632,0.0856944405799116,Crisis
AUS,2020-09-30,0.1253167226451561,-0.0306350491396805,Crisis
AUS,2020-10-31,0.1026915016326011,0.0397392003879619,Crisis
AUS,2020-11-30,0.20284734248432,0.1708502110594321,Crisis
AUS,2020-12-31,0.1226739865401421,0.0539590792873479,Crisis
AUS,2021-01-31,0.1267335910977892,0.0585364768719001,Crisis
AUS,2021-02-28,0.0830326194700715,0.1382457189489728,Crisis
AUS,2021-03-31,0.0065051818508912,0.0278863922990685,Crisis
AUS,2021-04-30,0.0519207983553012,0.0646332214754029,Crisis
AUS,2021-05-31,0.025835540144812,0.0062493267354027,Crisis
AUS,2021-06-30,0.0615194256145063,0.0103794506654086,Crisis
AUS,2021-07-31,0.1563434415947865,0.0501899460484492,Crisis
AUS,2021-08-31,0.0400723494459145,0.0389772215843982,Crisis
AUS,2021-09-30,0.0707035028439235,-0.0202015362548439,Crisis
AUS,2021-10-31,0.0545107546049465,0.016607678350111,Crisis
AUS,2021-11-30,0.0213517843053188,0.021585387457534,Crisis
AUS,2021-12-31,0.2653509175409246,0.0389012552343833,Crisis
AUS,2022-01-31,-0.0153304483325677,0.049941357852495,Recovery
AUS,2022-02-28,-0.0012947713312154,0.0267303936474996,Recovery
AUS,2022-03-31,0.0709254904255229,0.1038160207480735,Recovery
AUS,2022-04-30,0.1098947244204091,0.0050186127942887,Recovery
AUS,2022-05-31,-0.0407658201448863,-0.0327955280307951,Recovery
AUS,2022-06-30,-0.1598273418417473,-0.0976941820822534,Recovery
AUS,2022-07-31,0.2399075599487784,0.0728576559760646,Recovery
AUS,2022-08-31,0.1107597302357793,0.0428492302337425,Recovery
AUS,2022-09-30,-0.0424321663443101,-0.0588269662128246,Recovery
AUS,2022-10-31,0.0276838487333393,0.0584365923635055,Recovery
AUS,2022-11-30,0.0490730794661421,0.0973914044365787,Recovery
AUS,2022-12-31,0.0237816036703752,-0.0322271080254849,Recovery
AUS,2023-01-31,0.0668860690968359,0.0920527041276862,Recovery
AUS,2023-02-28,-0.0522944916279872,-0.0327992029560075,Recovery
AUS,2023-03-31,-0.0361676263546475,0.0025758520755244,Recovery
AUS,2023-04-30,0.0253796498194438,0.0357293983386832,Recovery
AUS,2023-05-31,-0.0399227268694173,-0.0248622604810423,Recovery
AUS,2023-06-30,0.0363570066150467,0.0265499565655542,Recovery
AUS,2023-07-31,0.1351614568405529,0.0385279693247245,Recovery
AUS,2023-08-31,0.0051676503142449,-0.0120439592118111,Recovery
AUS,2023-09-30,0.0047700854305581,-0.0280068281061505,Recovery
AUS,2023-10-31,0.050058891450296,-0.0368538813990826,Recovery
AUS,2023-11-30,273.2814972875147,3.338215641483592,Recovery
AUS,2023-12-31,0.1948515697398783,0.076724644487331,Recovery
AUS,2024-01-31,-0.0405541259442434,0.0072473493304323,Recovery
AUS,2024-02-29,0.0187088208935426,0.0242588451253759,Recovery
AUS,2024-03-31,0.1008951108180488,0.0485047912937044,Recovery
AUS,2024-04-30,0.0423054653381338,0.0358218367542473,Recovery
AUS,2024-05-31,0.1059156317709242,0.0268478093175207,Recovery
AUS,2024-06-30,-0.0368553548970694,-0.0166328308393636,Recovery
AUS,2024-07-31,0.1187840490071426,0.0170260932577466,Recovery
AUS,2024-08-31,0.0174315941752192,-0.0071404087801124,Recovery
AUS,2024-09-30,0.093705605256394,0.06683864930784,Recovery
AUS,2024-10-31,0.1036680398539952,-0.0159835299497905,Recovery
AUS,2024-11-30,0.0707724601824879,0.0269760654974452,Recovery
AUS,2024-12-31,0.2655965679252881,-0.0137325207125567,Recovery
AUS,2025-01-31,0.1114650656213664,0.045375776854303,Other
AUS,2025-02-28,0.0155073226301299,-0.038938712190887,Other
AUS,2025-03-31,-0.0080697465443672,-0.0122555027063176,Other
AUS,2025-04-30,0.0698889750911437,0.0378756713662749,Other
AUS,2025-05-31,0.2307918037476481,0.0870316626617648,Other
AUS,2025-06-30,0.4825480666942683,0.0855594372947387,Other
AUS,2025-07-31,0.9983560456822244,0.1098739044722122,Other
AUS,2025-08-31,0.2939205658400341,0.113050475897987,Other
AUS,2025-09-30,0.2581092210004205,0.1357237136311097,Other
AUT,2020-02-29,-0.102193456096505,-0.1099046465083268,Other
AUT,2020-03-31,-0.1955689667227337,-0.3267687290181812,Crisis
AUT,2020-04-30,0.0921336412067887,0.1229251762347639,Crisis
AUT,2020-05-31,0.0072845029657036,0.0384090805864446,Crisis
AUT,2020-06-30,-0.0087106287505913,-0.0051026590198937,Crisis
AUT,2020-07-31,-0.0086894052729031,-0.016697078501559,Crisis
AUT,2020-08-31,0.0268614295868574,0.0168625948332558,Crisis
AUT,2020-09-30,-0.0222951630250339,0.0296218553781739,Crisis
AUT,2020-10-31,-0.0402952107626172,-0.0419054182771481,Crisis
AUT,2020-11-30,0.2128857141835563,0.4191493417519157,Crisis
AUT,2020-12-31,0.0509805673099221,0.1647185306514433,Crisis
AUT,2021-01-31,0.0571546923280048,0.0028656679675442,Crisis
AUT,2021-02-28,0.0320098421125661,0.0595988981715423,Crisis
AUT,2021-03-31,0.0462827484500174,0.0546974908499464,Crisis
AUT,2021-04-30,0.0289834881037959,0.014500101532833,Crisis
AUT,2021-05-31,0.0359425154125031,0.0941437300118733,Crisis
AUT,2021-06-30,-0.001286868307483,-0.0111345688725097,Crisis
AUT,2021-07-31,0.0084365662363343,0.0137840248404177,Crisis
AUT,2021-08-31,0.034055045077859,0.0354153601339549,Crisis
AUT,2021-09-30,0.0082182084524534,0.0535919839006801,Crisis
AUT,2021-10-31,0.0162260504382654,0.0271958214769254,Crisis
AUT,2021-11-30,-0.0229250725158139,0.0027425176474771,Crisis
AUT,2021-12-31,0.0122724234329305,0.051137947042168,Crisis
AUT,2022-01-31,0.0066460624930617,0.0037338421384275,Recovery
AUT,2022-02-28,-0.0625529869817282,-0.1535206683949073,Recovery
AUT,2022-03-31,-0.0169702358031457,0.0116334012866491,Recovery
AUT,2022-04-30,-0.0005609084902441,-0.0462873842821493,Recovery
AUT,2022-05-31,0.0050651780161563,0.0147477422626947,Recovery
AUT,2022-06-30,-0.0825960927375634,-0.154528588173997,Recovery
AUT,2022-07-31,0.0154916438072803,0.0381131067113609,Recovery
AUT,2022-08-31,-0.0190529222268352,-0.0568268294022329,Recovery
AUT,2022-09-30,-0.0766015265724684,-0.0553406423611178,Recovery
AUT,2022-10-31,0.0405376964264369,0.1007520268775018,Recovery
AUT,2022-11-30,0.0687826307832521,0.1461838684885553,Recovery
AUT,2022-12-31,-0.0344720582506367,-0.0221468609624913,Recovery
AUT,2023-01-31,0.0844420557556628,0.1262540644236211,Recovery
AUT,2023-02-28,0.0281454778502851,0.0357731540002954,Recovery
AUT,2023-03-31,-0.0541470527764202,-0.1156929715711728,Recovery
AUT,2023-04-30,0.0094253810410346,0.0277104744355679,Recovery
AUT,2023-05-31,-0.0128424359725449,-0.0388122173077252,Recovery
AUT,2023-06-30,0.0147912922979851,0.0949796454887309,Recovery
AUT,2023-07-31,0.0226897969667933,0.0651688755588256,Recovery
AUT,2023-08-31,-0.0497331185757602,-0.0583981947736111,Recovery
AUT,2023-09-30,-0.0344714547060729,-0.0249349726542729,Recovery
AUT,2023-10-31,-0.0377755583243652,0.0090673319336912,Recovery
AUT,2023-11-30,0.0259413065479025,0.1042311955852537,Recovery
AUT,2023-12-31,0.0157449268080172,0.0217575132598596,Recovery
AUT,2024-01-31,0.0070891078161186,0.0204521141581378,Recovery
AUT,2024-02-29,-0.0282564921218934,0.0133015696601845,Recovery
AUT,2024-03-31,0.0096801427742814,0.037798066980534,Recovery
AUT,2024-04-30,0.0017231364292918,0.0300262495154993,Recovery
AUT,2024-05-31,0.0352756663156154,0.0212292222905703,Recovery
AUT,2024-06-30,-0.0185712102341334,0.0094300214909352,Recovery
AUT,2024-07-31,-0.0004290550395659,0.0438558169832752,Recovery
AUT,2024-08-31,-0.0252639495160285,0.0218381075984361,Recovery
AUT,2024-09-30,-0.0194095008012774,-0.0769806048936972,Recovery
AUT,2024-10-31,-0.0567577893418117,-0.0030843628972427,Recovery
AUT,2024-11-30,-0.0211547146574586,0.0188535154319577,Recovery
AUT,2024-12-31,0.0512730428527284,0.0985055011733402,Recovery
AUT,2025-01-31,0.0555663959429674,0.050830595765727,Other
AUT,2025-02-28,0.0622910288540033,0.0948775210875521,Other
AUT,2025-03-31,-0.0025869362137732,-0.016394664080551,Other
AUT,2025-04-30,0.0152461345576847,-0.081025087349255,Other
AUT,2025-05-31,0.0728411017332517,0.1830185863337912,Other
AUT,2025-06-30,0.0258367360572473,0.0269552414116287,Other
AUT,2025-07-31,0.0231234857685197,0.0736213842009205,Other
AUT,2025-08-31,0.0032030305277107,0.049414265301508,Other
AUT,2025-09-30,0.0079729829871328,0.0145417404367525,Other
BRA,2020-02-29,-0.0676870595361092,-0.0846932355034217,Other
BRA,2020-03-31,-0.2778152182689137,-0.310842331714781,Crisis
BRA,2020-04-30,0.1484866605599066,0.1781792915381858,Crisis
BRA,2020-05-31,0.031974710512154,0.1062653206633346,Crisis
BRA,2020-06-30,0.2155024865964535,0.1404408888403931,Crisis
BRA,2020-07-31,0.0562637241098864,0.1131125329021446,Crisis
BRA,2020-08-31,-0.0086163145729148,-0.01116070709991,Crisis
BRA,2020-09-30,-0.0328178267256495,-0.0517431666168709,Crisis
BRA,2020-10-31,0.014031607722962,-0.0377782706455175,Crisis
BRA,2020-11-30,0.1071702888171763,0.1783598890715138,Crisis
BRA,2020-12-31,0.0847458624564452,0.0933684897122288,Crisis
BRA,2021-01-31,0.0063767228017626,-0.0201997206639039,Crisis
BRA,2021-02-28,-0.0247586519868876,-0.0350286072367726,Crisis
BRA,2021-03-31,0.042079374629602,0.0424657874159515,Crisis
BRA,2021-04-30,0.0746414668901569,0.0506183732519136,Crisis
BRA,2021-05-31,0.0469961171809656,0.0358655503371403,Crisis
BRA,2021-06-30,0.0547438471902955,0.0236838746605748,Crisis
BRA,2021-07-31,-0.047997903493752,-0.0425753961152488,Crisis
BRA,2021-08-31,-0.0545718281262438,-0.0401454164873511,Crisis
BRA,2021-09-30,-0.0670890750722118,-0.0757495438043602,Crisis
BRA,2021-10-31,-0.0939923874011491,-0.0869679309281683,Crisis
BRA,2021-11-30,-0.0057935044253337,-0.0140288664360316,Crisis
BRA,2021-12-31,0.0208549239334081,0.0121692703239841,Crisis
BRA,2022-01-31,0.0109352953951526,0.0764047694452184,Recovery
BRA,2022-02-28,-0.038086445396415,-0.0036643416692925,Recovery
BRA,2022-03-31,0.0541352829739705,0.0603175327009822,Recovery
BRA,2022-04-30,-0.0769335886853657,-0.1038726130695859,Recovery
BRA,2022-05-31,-0.0237822188570235,0.0041620310914957,Recovery
BRA,2022-06-30,-0.1223019804895502,-0.114978409094202,Recovery
BRA,2022-07-31,0.0373251371120102,0.0663665557229792,Recovery
BRA,2022-08-31,0.0598555911779175,0.0757508271259703,Recovery
BRA,2022-09-30,-0.0047985169469777,0.0022101681224264,Recovery
BRA,2022-10-31,0.0265241235759616,0.0517584947689912,Recovery
BRA,2022-11-30,-0.0661048351432089,-0.0600756056279424,Recovery
BRA,2022-12-31,-0.0264206789887332,-0.0374456195078323,Recovery
BRA,2023-01-31,0.0287939345931126,0.0646633561806084,Recovery
BRA,2023-02-28,-0.0226275352286343,-0.0378668285328693,Recovery
BRA,2023-03-31,0.0623208535102078,-0.0304302536882852,Recovery
BRA,2023-04-30,0.0307372948070403,0.0131796282220878,Recovery
BRA,2023-05-31,0.0865957647458863,0.0886649158131382,Recovery
BRA,2023-06-30,0.1115737532031206,0.0988574551072279,Recovery
BRA,2023-07-31,0.0469488694447515,0.0366392058826747,Recovery
BRA,2023-08-31,-0.0404118978799041,-0.0656611079526587,Recovery
BRA,2023-09-30,-0.0163526672543516,-0.0007035970142107,Recovery
BRA,2023-10-31,-0.0593959502645207,-0.0422276326739781,Recovery
BRA,2023-11-30,0.0880632448056553,0.1346952638438403,Recovery
BRA,2023-12-31,0.0503283983610076,0.0537411102869877,Recovery
BRA,2024-01-31,-0.0318609630447969,-0.0493654243033886,Recovery
BRA,2024-02-29,0.0091418810538027,0.0084627203116777,Recovery
BRA,2024-03-31,0.0156551029697453,-0.0014375939674168,Recovery
BRA,2024-04-30,-0.0418822641697646,-0.0327664360083901,Recovery
BRA,2024-05-31,0.0023197029527025,-0.0413510993606608,Recovery
BRA,2024-06-30,-0.0202802871513597,0.0088971414480738,Recovery
BRA,2024-07-31,0.048143511544701,0.0970109634714143,Recovery
BRA,2024-08-31,0.0591292551650687,0.0852562087563143,Recovery
BRA,2024-09-30,-0.0303203044165374,-0.0267253072501161,Recovery
BRA,2024-10-31,-0.0003326219952472,-0.0183306825366625,Recovery
BRA,2024-11-30,-0.0113076246308487,-0.0287870985528576,Recovery
BRA,2024-12-31,-0.0612881989073493,-0.0648850151698718,Recovery
BRA,2025-01-31,0.0394846206187933,0.0503305143680141,Other
BRA,2025-02-28,0.1367478029480199,-0.0200007675414467,Other
BRA,2025-03-31,0.0517399330088119,0.0752816609089078,Other
BRA,2025-04-30,0.0254700340697425,0.0365589315729273,Other
BRA,2025-05-31,0.0276994975776319,0.0339245293084385,Other
BRA,2025-06-30,0.8816402352182818,113.39390535779974,Other
BRA,2025-07-31,-0.0054041616980667,-0.2842910043405985,Other
BRA,2025-08-31,0.0304475099750907,0.0002330738840853,Other
BRA,2025-09-30,0.0140972985741174,0.0405750454391553,Other
BRB,2020-02-29,-0.1756452986062938,-0.2231131201808069,Other
BRB,2020-03-31,0.0136557380932674,-0.0047900682103942,Crisis
BRB,2020-04-30,0.0221321147987814,0.0874738090652282,Crisis
BRB,2020-05-31,-0.0037704165492868,0.0041612966129666,Crisis
BRB,2020-06-30,-0.0189374999999999,-0.0028638991886399,Crisis
BRB,2020-07-31,0.0047961906081441,-0.0076175763884772,Crisis
BRB,2020-08-31,-0.0327380828983319,-0.0567651561197758,Crisis
BRB,2020-09-30,0.0203571428571428,0.0069435459192967,Crisis
BRB,2020-10-31,-0.0014144271570014,-0.0012168260537363,Crisis
BRB,2020-11-30,0.0304734848484848,-0.0206505479856441,Crisis
BRB,2020-12-31,-0.0142537262766479,0.0252216312172212,Crisis
BRB,2021-01-31,0.0224197860962566,0.0071058377658255,Crisis
BRB,2021-02-28,0.0271286378881315,-0.0392875086580402,Crisis
BRB,2021-03-31,0.0190918277125173,0.0088093498726712,Crisis
BRB,2021-04-30,-0.0468208290510449,-0.0842357115899935,Crisis
BRB,2021-05-31,-0.0231169871794871,-0.0386495597971676,Crisis
BRB,2021-06-30,-0.0301688516921912,0.1525150275906045,Crisis
BRB,2021-07-31,-0.0259404323075228,-0.1004042033019397,Crisis
BRB,2021-08-31,-0.0122596153846153,0.0006985724368758,Crisis
BRB,2021-09-30,0.0391359964561893,-0.0179163713624735,Crisis
BRB,2021-10-31,-0.0185760710137741,-0.0400598256872633,Crisis
BRB,2021-11-30,0.0336473885464262,-0.109071728846751,Crisis
BRB,2021-12-31,0.0284212357316471,0.034560494642926,Crisis
BRB,2022-01-31,-0.0306798418972332,-0.0007225132136488,Recovery
BRB,2022-02-28,-0.0461259666901932,-0.0320369113383766,Recovery
BRB,2022-03-31,0.0084342316664476,-0.0145962085747679,Recovery
BRB,2022-04-30,0.0632072259459228,0.0421629861531014,Recovery
BRB,2022-05-31,-0.0880314960266699,-0.0695558573815607,Recovery
BRB,2022-06-30,0.0716246498599439,0.0035342146988105,Recovery
BRB,2022-07-31,-0.0624622371912635,0.0066559600104637,Recovery
BRB,2022-08-31,7.524284817148064e-05,-0.0051797971880835,Recovery
BRB,2022-09-30,-0.0089244610672078,0.0158495697209649,Recovery
BRB,2022-10-31,-0.1156150877617233,-0.0194180956159784,Recovery
BRB,2022-11-30,0.0482448725144153,0.023986312589986,Recovery
BRB,2022-12-31,0.0526560297842439,0.0527183699444369,Recovery
BRB,2023-01-31,0.0309510856640261,0.0926210262183744,Recovery
BRB,2023-02-28,0.0283243020742612,0.0061346931695985,Recovery
BRB,2023-03-31,0.0758215643662745,0.1334087495524925,Recovery
BRB,2023-04-30,-0.0924006195923989,0.0095034571478596,Recovery
BRB,2023-05-31,0.0217107251826904,-0.020174997544054,Recovery
BRB,2023-06-30,-0.0307943034600864,-0.0333380564459772,Recovery
BRB,2023-07-31,0.0652718537711561,0.0762545192010449,Recovery
BRB,2023-08-31,-0.0214177767847008,0.0282665727768707,Recovery
BRB,2023-09-30,0.0447324665345637,0.0016470889595205,Recovery
BRB,2023-10-31,-0.0694368931180247,-0.0513027022060665,Recovery
BRB,2023-11-30,0.0625452571379428,0.0440890850841757,Recovery
BRB,2023-12-31,0.0328182035414589,0.0052878205318189,Recovery
BRB,2024-01-31,0.0186444848561586,0.0014183377588223,Recovery
BRB,2024-02-29,0.0328233258199034,0.0436317814366963,Recovery
BRB,2024-03-31,-0.0555792297979798,-0.0054840395660293,Recovery
BRB,2024-04-30,0.0166687947476433,-0.0102308434445459,Recovery
BRB,2024-05-31,0.016576173023845,-0.0026099908792081,Recovery
BRB,2024-06-30,-0.0387258199683023,-0.0197401761766002,Recovery
BRB,2024-07-31,0.0692531781460417,0.013219105521208,Recovery
BRB,2024-08-31,-0.020308256814074,-0.0001030898668223,Recovery
BRB,2024-09-30,-0.0301480383545601,-0.0143120412849838,Recovery
BRB,2024-10-31,-0.0354978354978355,0.0067524076762788,Recovery
BRB,2024-11-30,0.0457107260132228,0.126838646140443,Recovery
BRB,2024-12-31,-0.0673010506152774,-0.1372812633589295,Recovery
BRB,2025-01-31,0.0079922639089305,-0.0062757900561869,Other
BRB,2025-02-28,-0.089469349931155,-0.0060867078643531,Other
BRB,2025-03-31,0.0020913461538461,0.0202442873648436,Other
BRB,2025-04-30,-0.0081348903730369,-0.0112632238570054,Other
BRB,2025-05-31,0.0581353275774906,0.0159122657673157,Other
BRB,2025-06-30,-0.0807080643277897,0.0047727848353045,Other
BRB,2025-07-31,0.0174786361799179,0.0484030254795928,Other
BRB,2025-08-31,-0.0244021714696758,0.007547197568373,Other
BRB,2025-09-30,-0.1067873937621228,-0.0713196471652457,Other
DEU,2020-02-29,-0.0681020867934725,-0.0863253246090836,Other
DEU,2020-03-31,-0.1482426879016976,-0.1692136643824599,Crisis
DEU,2020-04-30,0.1222684925855503,0.1046293907531125,Crisis
DEU,2020-05-31,0.0745046375649784,0.0594764318382249,Crisis
DEU,2020-06-30,0.0339787588244053,0.0533150891655211,Crisis
DEU,2020-07-31,0.0140651106807021,-0.0085288885127277,Crisis
DEU,2020-08-31,0.0726519088368662,0.0600913107714201,Crisis
DEU,2020-09-30,0.0095994070095209,-0.0131048343907001,Crisis
DEU,2020-10-31,-0.0010644273770077,-0.0889086608712134,Crisis
DEU,2020-11-30,0.1995889548683959,0.1748729775045712,Crisis
DEU,2020-12-31,0.0832853570108527,0.0547064690025819,Crisis
DEU,2021-01-31,0.0942035644361726,0.0065039335773674,Crisis
DEU,2021-02-28,0.0562672335886441,0.031433891882353,Crisis
DEU,2021-03-31,0.0763864013257199,0.0985664320073306,Crisis
DEU,2021-04-30,0.0287036199323769,0.0110173589701057,Crisis
DEU,2021-05-31,0.0278991111360442,0.0161046772410398,Crisis
DEU,2021-06-30,0.046476053414344,0.0102182060654041,Crisis
DEU,2021-07-31,0.0112323689053126,-0.0017740672943532,Crisis
DEU,2021-08-31,0.026837888403239,0.0150035390790692,Crisis
DEU,2021-09-30,-0.0188868457224624,-0.032722693108645,Crisis
DEU,2021-10-31,0.0034312234888501,0.0161127598528851,Crisis
DEU,2021-11-30,-0.0148949372266037,-0.0323557345863232,Crisis
DEU,2021-12-31,0.0112075725250468,0.0256169158181987,Crisis
DEU,2022-01-31,-0.0335806998484605,-0.0147283192621594,Recovery
DEU,2022-02-28,0.0420956447441136,-0.0535666376948012,Recovery
DEU,2022-03-31,-0.0060937360460559,-0.0094838132545981,Recovery
DEU,2022-04-30,-0.0240550018749379,-0.031162674293956,Recovery
DEU,2022-05-31,-0.0237501221190363,0.0015066415064058,Recovery
DEU,2022-06-30,-0.0975559928849557,-0.1198825689229075,Recovery
DEU,2022-07-31,0.2202974021624585,0.052953782212941,Recovery
DEU,2022-08-31,0.1526841173668665,-0.0487898653356625,Recovery
DEU,2022-09-30,-0.0989832389839165,-0.0458297918393017,Recovery
DEU,2022-10-31,0.0453480281133244,0.0954743069365836,Recovery
DEU,2022-11-30,0.0963814942143697,0.1047071093338379,Recovery
DEU,2022-12-31,-0.0204073453843681,-0.0309624040839156,Recovery
DEU,2023-01-31,0.1124741363721145,0.1175842025584677,Recovery
DEU,2023-02-28,0.0346071995899382,0.0326904956881153,Recovery
DEU,2023-03-31,-0.0098828368778818,-0.000852389985911,Recovery
DEU,2023-04-30,0.011222329069836,0.012647008726623,Recovery
DEU,2023-05-31,-0.0193807933602224,-0.036000028738049,Recovery
DEU,2023-06-30,0.0172688468906582,0.0333684776829741,Recovery
DEU,2023-07-31,0.0268609589076193,0.0326644028698824,Recovery
DEU,2023-08-31,-0.0328910436680721,-0.036699414755124,Recovery
DEU,2023-09-30,-0.0308363040526604,-0.0332597284176426,Recovery
DEU,2023-10-31,-0.0471092740505099,-0.0508494437012568,Recovery
DEU,2023-11-30,0.0336288742399283,0.100560254747428,Recovery
DEU,2023-12-31,0.1149148470824024,0.0460554580983947,Recovery
DEU,2024-01-31,0.0431371807545576,-0.0036753248505127,Recovery
DEU,2024-02-29,-0.0041486799203891,0.0516050499223173,Recovery
DEU,2024-03-31,0.0296718787074963,0.0633646792801277,Recovery
DEU,2024-04-30,0.1562555117812608,-0.0221282544664011,Recovery
DEU,2024-05-31,0.056698578307466,0.0210532510586856,Recovery
DEU,2024-06-30,-0.0340486055013091,-0.0225513333054255,Recovery
DEU,2024-07-31,0.0606808735239461,0.0141735923269108,Recovery
DEU,2024-08-31,0.0053934545050309,0.0186004909293486,Recovery
DEU,2024-09-30,0.0207297512289379,0.0384226105893516,Recovery
DEU,2024-10-31,0.0426392804301479,-0.0167247540198353,Recovery
DEU,2024-11-30,0.0026067495093452,0.0395024941328689,Recovery
DEU,2024-12-31,-0.0024075371568106,0.0166108774434187,Recovery
DEU,2025-01-31,0.0867967612160065,0.0939561841997417,Other
DEU,2025-02-28,0.0626186219577791,0.0731112355055689,Other
DEU,2025-03-31,0.0161394812654849,0.0193074421669924,Other
DEU,2025-04-30,0.0229932531062621,0.0360289481504135,Other
DEU,2025-05-31,0.0408393408684869,0.0786917437083664,Other
DEU,2025-06-30,0.0114339256358996,-0.0055978307849292,Other
DEU,2025-07-31,0.0245563796838935,0.0181992422455306,Other
DEU,2025-08-31,0.3039038258455545,-0.0077858070419373,Other
DEU,2025-09-30,0.0053035031545232,0.0127174033085852,Other
FIN,2020-02-29,0.0546273135528915,-0.0362201285940141,Other
FIN,2020-03-31,-0.1727709303680277,-0.1940595308131389,Crisis
FIN,2020-04-30,0.1245239503907083,0.1155389986282961,Crisis
FIN,2020-05-31,0.8127567950430031,0.0790587440460391,Crisis
FIN,2020-06-30,0.0061105870106492,0.0054568175363385,Crisis
FIN,2020-07-31,0.0316313091785873,0.0235475799870545,Crisis
FIN,2020-08-31,0.0605124051850696,0.0532930201283308,Crisis
FIN,2020-09-30,-0.0033801515583856,-0.0121196568651402,Crisis
FIN,2020-10-31,-0.0163482824025557,-0.043924517665142,Crisis
FIN,2020-11-30,0.1089733756224346,0.111470918484187,Crisis
FIN,2020-12-31,0.0840764496372503,-0.0241227164760878,Crisis
FIN,2021-01-31,0.03417376261869,0.0930958365998227,Crisis
FIN,2021-02-28,0.0329520231295718,0.0567059497670654,Crisis
FIN,2021-03-31,0.0325375700856482,0.0717905972397707,Crisis
FIN,2021-04-30,0.0814421803745213,0.0444955995604555,Crisis
FIN,2021-05-31,0.2756642604937642,0.0156474959044147,Crisis
FIN,2021-06-30,0.0129969794931583,0.0512602180962613,Crisis
FIN,2021-07-31,0.0511333049066281,0.068418888402081,Crisis
FIN,2021-08-31,0.0253056876032689,0.0098209319518184,Crisis
FIN,2021-09-30,-0.0763011214624138,0.0486905489568569,Crisis
FIN,2021-10-31,0.0390173785499736,-0.0373480968157473,Crisis
FIN,2021-11-30,-0.0320986669018842,0.0024824321613105,Crisis
FIN,2021-12-31,0.0296030164024896,0.0479513181896355,Crisis
FIN,2022-01-31,-0.0390879366227222,-0.01719426598449,Recovery
FIN,2022-02-28,-0.0813616635824446,-0.0554867662195314,Recovery
FIN,2022-03-31,0.0081918468576864,-0.0461938838265163,Recovery
FIN,2022-04-30,-0.0400584076476772,0.0098229694255313,Recovery
FIN,2022-05-31,-0.0235687117364443,0.0088336021092809,Recovery
FIN,2022-06-30,-0.072456651328688,-0.0977055267749742,Recovery
FIN,2022-07-31,0.0230762194357058,0.0940666341970103,Recovery
FIN,2022-08-31,-0.0210711116537007,-0.0102828943674824,Recovery
FIN,2022-09-30,-0.099860037789872,-0.0403214219004399,Recovery
FIN,2022-10-31,0.0339870711162232,0.0816320961349757,Recovery
FIN,2022-11-30,0.0543748086865926,0.054163160040134,Recovery
FIN,2022-12-31,-0.0168700576603502,0.0045641757354114,Recovery
FIN,2023-01-31,0.0600801492058455,0.0648670213944654,Recovery
FIN,2023-02-28,0.0124909592945641,0.0629717497363153,Recovery
FIN,2023-03-31,-0.0389585133623123,-0.1317965649820716,Recovery
FIN,2023-04-30,0.0047449154863927,0.0088043435233905,Recovery
FIN,2023-05-31,-0.03408525743402,-0.0538967057569532,Recovery
FIN,2023-06-30,-0.0150941427552082,0.0516302145958303,Recovery
FIN,2023-07-31,-0.0160463593184577,0.0100630170861814,Recovery
FIN,2023-08-31,-0.0208753206250759,0.0087880084990802,Recovery
FIN,2023-09-30,-0.0430518562122928,-0.0118719303251924,Recovery
FIN,2023-10-31,-0.0849436267726195,-0.0343598737151474,Recovery
FIN,2023-11-30,0.0319740390685304,0.0164221381786335,Recovery
FIN,2023-12-31,0.0373125919773073,0.0538230815727058,Recovery
FIN,2024-01-31,0.0310248313237022,0.0251584871447087,Recovery
FIN,2024-02-29,-0.0371585337724979,-0.0228051019428949,Recovery
FIN,2024-03-31,0.0120576010700684,-0.035049859356728,Recovery
FIN,2024-04-30,0.0034727767780061,0.0523255787704682,Recovery
FIN,2024-05-31,0.0476499496015648,0.0199001985588491,Recovery
FIN,2024-06-30,-0.0206486375656152,-0.022874421927039,Recovery
FIN,2024-07-31,0.006125254340499,-0.0004257600369035,Recovery
FIN,2024-08-31,0.0071441102305641,0.0014061229577714,Recovery
FIN,2024-09-30,0.0114358944373277,-0.0059521983452026,Recovery
FIN,2024-10-31,-0.0540431396443915,0.0012767978080348,Recovery
FIN,2024-11-30,-0.0281447062426557,-0.0243966233501586,Recovery
FIN,2024-12-31,-0.0160224535848342,-0.0140997167727443,Recovery
FIN,2025-01-31,0.0525936285158195,0.0856890095149684,Other
FIN,2025-02-28,0.0237590339407367,0.0450919342529795,Other
FIN,2025-03-31,0.0266292211970064,-0.0815694053570283,Other
FIN,2025-04-30,-0.0239164091510925,0.0153842292743248,Other
FIN,2025-05-31,0.038009190377369,0.0511262908225457,Other
FIN,2025-06-30,0.00280531962028,0.0143409367588777,Other
FIN,2025-07-31,0.0274371815427821,0.0134226028934653,Other
FIN,2025-08-31,0.0035716328790475,0.0223529829936275,Other
FIN,2025-09-30,0.0008416142413054,0.043345962504212,Other
FRA,2020-02-29,-0.0286427223815802,-0.0473780889158011,Other
FRA,2020-03-31,-0.1438914105197673,-0.1617699930013606,Crisis
FRA,2020-04-30,0.1355066697198063,0.0783540224947395,Crisis
FRA,2020-05-31,0.1620992106007308,0.0458725933732886,Crisis
FRA,2020-06-30,0.0555110498227575,0.0558616794829844,Crisis
FRA,2020-07-31,0.0013312522002244,-0.0264263076416667,Crisis
FRA,2020-08-31,0.0361037114885886,0.0418994847499662,Crisis
FRA,2020-09-30,-0.0168109817660896,-0.0347390748268934,Crisis
FRA,2020-10-31,0.143051257041597,-0.0091260842035528,Crisis
FRA,2020-11-30,0.5810866125402602,0.2895516885374203,Crisis
FRA,2020-12-31,0.0606962871858855,0.0255936076343327,Crisis
FRA,2021-01-31,0.0312027681765661,-0.0070464314231931,Crisis
FRA,2021-02-28,0.0667681723971056,0.073049669432909,Crisis
FRA,2021-03-31,0.0412380466086446,0.0582738141258777,Crisis
FRA,2021-04-30,0.0249703701030096,0.0256343694477574,Crisis
FRA,2021-05-31,0.0027284697567236,0.0159132403614378,Crisis
FRA,2021-06-30,-0.0161492532937463,-0.000192213209628,Crisis
FRA,2021-07-31,8.05648102923381e-05,0.00514803986062,Crisis
FRA,2021-08-31,0.0271179008144038,0.0242298350531167,Crisis
FRA,2021-09-30,2.08292612065759,0.0139962902054925,Crisis
FRA,2021-10-31,0.1193521068017429,0.0497232499636319,Crisis
FRA,2021-11-30,-0.01888896614573,-0.00921031693797,Crisis
FRA,2021-12-31,0.0253672153650503,0.0534661920029021,Crisis
FRA,2022-01-31,-0.0273850811764665,-0.0071856188355113,Recovery
FRA,2022-02-28,-0.0498230828408593,-0.0470407516671146,Recovery
FRA,2022-03-31,0.0194581154874257,0.0050370994451313,Recovery
FRA,2022-04-30,-0.0076248297951034,-0.0101302541470386,Recovery
FRA,2022-05-31,10.592454159174098,226.3057235044155,Recovery
FRA,2022-06-30,-0.0891496673989114,-0.1005514925847154,Recovery
FRA,2022-07-31,0.034204488587937,0.0941960944875899,Recovery
FRA,2022-08-31,-0.0103585911292805,-0.0375638676210444,Recovery
FRA,2022-09-30,51.22886922833188,2881.117980135579,Recovery
FRA,2022-10-31,0.1030246035190464,0.0907098142605212,Recovery
FRA,2022-11-30,0.0207183231985514,0.0680815943277923,Recovery
FRA,2022-12-31,-0.0152058571850356,-0.0307181500380904,Recovery
FRA,2023-01-31,0.0695778810234158,0.0944174551222727,Recovery
FRA,2023-02-28,0.0227691404021497,0.0326146028145139,Recovery
FRA,2023-03-31,-0.0358895174908651,-0.0196115740404604,Recovery
FRA,2023-04-30,-0.0053766394103032,0.0246630120767496,Recovery
FRA,2023-05-31,8.815298477172048,-0.0447507878036404,Recovery
FRA,2023-06-30,0.1423089305235659,0.038055522822624,Recovery
FRA,2023-07-31,0.0889529176099429,0.0148863103035337,Recovery
FRA,2023-08-31,0.4861350278452706,-0.0153877658388943,Recovery
FRA,2023-09-30,5.2971307899569755,0.0210348964108815,Recovery
FRA,2023-10-31,-0.0961356945425272,-0.0454928908241467,Recovery
FRA,2023-11-30,2.020223017856251,0.0748197821025803,Recovery
FRA,2023-12-31,0.0429923296574523,0.0350593877372334,Recovery
FRA,2024-01-31,23.24306350947508,0.2041122492889341,Recovery
FRA,2024-02-29,3.0956936121576932,0.0263364983720936,Recovery
FRA,2024-03-31,2.513962002560558,0.3280763105271979,Recovery
FRA,2024-04-30,1.13230050883945,-0.0116219262229474,Recovery
FRA,2024-05-31,22.099664203911583,0.2509591457792107,Recovery
FRA,2024-06-30,1.0061740296841863,-0.0664567871285161,Recovery
FRA,2024-07-31,0.0188150439356303,0.0093377884830826,Recovery
FRA,2024-08-31,0.1650416150330231,0.0531507754054245,Recovery
FRA,2024-09-30,0.0863429978369043,0.003332047573595,Recovery
FRA,2024-10-31,1.676992489377045,-0.0280469052575078,Recovery
FRA,2024-11-30,6.727359268079579,2.427626291208294,Recovery
FRA,2024-12-31,0.2724793296492215,0.0167349876033565,Recovery
FRA,2025-01-31,0.3607087636202208,0.0760852346022132,Other
FRA,2025-02-28,6.068989083538628,0.0399266777269873,Other
FRA,2025-03-31,0.0002643086358288,-0.0055681589030165,Other
FRA,2025-04-30,24.93482190271536,5.687863289605552,Other
FRA,2025-05-31,0.0805399954212938,0.0306552265981062,Other
FRA,2025-06-30,0.0258137828499146,-0.0079000532111613,Other
FRA,2025-07-31,1.7548423634516537,0.0598129430665628,Other
FRA,2025-08-31,0.0729496198095344,-0.008797908603884,Other
FRA,2025-09-30,1.3998185520505626,0.0309464211930416,Other
GBR,2020-02-29,0.1643166749392439,-0.0851685771902826,Other
GBR,2020-03-31,-0.1964044649832433,-0.1379554829386203,Crisis
GBR,2020-04-30,0.1614167605213564,0.0265532767031991,Crisis
GBR,2020-05-31,0.0901033463784561,-0.0088845372016474,Crisis
GBR,2020-06-30,0.0419983631781925,0.0198020968180403,Crisis
GBR,2020-07-31,0.0762368236581681,-0.0228186908098398,Crisis
GBR,2020-08-31,0.0804669083774003,0.0186236651166106,Crisis
GBR,2020-09-30,-0.0051196919325848,-0.0418806981994543,Crisis
GBR,2020-10-31,0.0160785812073828,-0.0023142874668945,Crisis
GBR,2020-11-30,0.2449312105909229,0.2072345287386504,Crisis
GBR,2020-12-31,0.117918155889347,0.0670209980266467,Crisis
GBR,2021-01-31,0.0441212854154631,0.0121903743016133,Crisis
GBR,2021-02-28,0.0616837284722283,0.094311090974463,Crisis
GBR,2021-03-31,0.2635068395795079,0.0274379355062667,Crisis
GBR,2021-04-30,0.106467609752572,0.0443639688276927,Crisis
GBR,2021-05-31,0.0906392675824657,0.0160726953791291,Crisis
GBR,2021-06-30,0.0220184488227341,-0.0094730875230958,Crisis
GBR,2021-07-31,0.0119111535842581,0.0039438505309435,Crisis
GBR,2021-08-31,0.027346245102435,0.0017868255674235,Crisis
GBR,2021-09-30,0.0360666126164103,-0.0156259421215374,Crisis
GBR,2021-10-31,-0.0030073765123997,0.0510541299149343,Crisis
GBR,2021-11-30,-0.0111191514484858,-0.0312533132935075,Crisis
GBR,2021-12-31,0.0244616225106761,0.0624818339579934,Crisis
GBR,2022-01-31,-0.033304618348457,0.081474234631103,Recovery
GBR,2022-02-28,-0.0457662317309419,0.0078695454954894,Recovery
GBR,2022-03-31,0.0128287823157536,0.0023815214214243,Recovery
GBR,2022-04-30,0.0079363988189434,-0.0166959105391975,Recovery
GBR,2022-05-31,-0.0332160380916884,0.0363946945037462,Recovery
GBR,2022-06-30,-0.0896983039713006,-0.0512222231891818,Recovery
GBR,2022-07-31,0.1184192123445787,0.0274913542076504,Recovery
GBR,2022-08-31,0.0527007728780663,-0.0195661583663582,Recovery
GBR,2022-09-30,-0.0946903732187771,-0.0724436619092238,Recovery
GBR,2022-10-31,0.0899169098278419,0.0117498796779233,Recovery
GBR,2022-11-30,0.1593241987384541,0.1021742633769928,Recovery
GBR,2022-12-31,0.0181701806854509,-0.0078246763758085,Recovery
GBR,2023-01-31,0.0765107049376526,0.0855823201504755,Recovery
GBR,2023-02-28,0.0865353228878741,0.0142315201577894,Recovery
GBR,2023-03-31,-0.0553466571861892,-0.0586612764448387,Recovery
GBR,2023-04-30,0.0713516636882364,0.0411727999314497,Recovery
GBR,2023-05-31,-0.0092832095882705,-0.0189949770858569,Recovery
GBR,2023-06-30,0.0009644072110455,0.0217945884825383,Recovery
GBR,2023-07-31,0.0823643433232058,0.0418532688769556,Recovery
GBR,2023-08-31,-0.0025053411257304,-0.0437434934725446,Recovery
GBR,2023-09-30,2.0405891860147154,0.0270815244757965,Recovery
GBR,2023-10-31,-0.0377890756968946,-0.0515643697196906,Recovery
GBR,2023-11-30,0.1014161129921699,0.0510117398139471,Recovery
GBR,2023-12-31,0.1062602464765878,0.0336086823404834,Recovery
GBR,2024-01-31,0.0618229650966121,-0.0141876078270839,Recovery
GBR,2024-02-29,0.2623634158971368,-0.0035196086469966,Recovery
GBR,2024-03-31,0.0421219787688118,0.045406050285973,Recovery
GBR,2024-04-30,0.1222677714694893,0.0834955597189402,Recovery
GBR,2024-05-31,0.0544140538477781,0.0219047547841199,Recovery
GBR,2024-06-30,0.0479231411445652,-0.0147932346726845,Recovery
GBR,2024-07-31,0.0440981179228335,0.0400009775821443,Recovery
GBR,2024-08-31,-0.0071615510026365,-0.0074675030991338,Recovery
GBR,2024-09-30,-0.016320155152082,0.006507771613304,Recovery
GBR,2024-10-31,-0.0221522895200443,-0.0058376555387418,Recovery
GBR,2024-11-30,0.0269325095703018,0.0227905131177578,Recovery
GBR,2024-12-31,0.1968897129347462,0.0092407377325141,Recovery
GBR,2025-01-31,0.4090608715961089,0.0565810683844641,Other
GBR,2025-02-28,0.8132261413467704,0.0567251162016803,Other
GBR,2025-03-31,0.1170797165986988,-0.0185518284766362,Other
GBR,2025-04-30,0.0214505629796462,-0.0021508396207702,Other
GBR,2025-05-31,0.1433889164312228,0.050325390085284,Other
GBR,2025-06-30,0.1427423622177173,0.0190297566115988,Other
GBR,2025-07-31,0.1127251118058588,0.0365752146804619,Other
GBR,2025-08-31,0.03827490961799,0.0236508393977972,Other
GBR,2025-09-30,0.0680945402393814,0.0544536684847454,Other
IND,2020-02-29,-0.0710022596195079,-0.0501751045060964,Other
IND,2020-03-31,-0.2101796156470457,-0.2645244504241671,Crisis
IND,2020-04-30,0.1449789092060072,0.1859667055563753,Crisis
IND,2020-05-31,-0.0074579896571155,-0.0128597263677473,Crisis
IND,2020-06-30,0.2143143636884844,0.1632988104992894,Crisis
IND,2020-07-31,0.010228020104746,0.0945841094743945,Crisis
IND,2020-08-31,0.1130072789052829,0.0932954469895968,Crisis
IND,2020-09-30,-4.3365075469553386e-05,0.0177088593123382,Crisis
IND,2020-10-31,0.0069777957058637,0.031771285370187,Crisis
IND,2020-11-30,0.0933612339798071,0.1847066929212691,Crisis
IND,2020-12-31,0.1419580612909933,0.1013793742258996,Crisis
IND,2021-01-31,0.0378023281334388,0.0341875685127501,Crisis
IND,2021-02-28,0.0663048658040448,0.1579974094447993,Crisis
IND,2021-03-31,0.2156317462190937,0.0222434096586943,Crisis
IND,2021-04-30,0.0575323238369787,0.0826782381950926,Crisis
IND,2021-05-31,0.1410835686029507,0.1141494551993438,Crisis
IND,2021-06-30,0.1533289684091367,0.0759767684548364,Crisis
IND,2021-07-31,0.1339370843034016,0.0743829753579686,Crisis
IND,2021-08-31,-0.0210933185793655,0.0446975542400988,Crisis
IND,2021-09-30,0.0653595641909787,0.1157560936674067,Crisis
IND,2021-10-31,0.0683431337233939,0.051038878821286,Crisis
IND,2021-11-30,0.04741140873354,-0.0029631305048175,Crisis
IND,2021-12-31,0.1852303950816246,0.0486610260736409,Crisis
IND,2022-01-31,0.0807754549492064,0.0242164895015151,Recovery
IND,2022-02-28,-0.0712025191119228,-0.0425943699996012,Recovery
IND,2022-03-31,0.0343850148964311,0.0726957259018038,Recovery
IND,2022-04-30,0.0910067988228252,0.0558404697782916,Recovery
IND,2022-05-31,-0.0699280287334497,-0.0514805723110776,Recovery
IND,2022-06-30,-0.0162621695375032,-0.0600615228578192,Recovery
IND,2022-07-31,0.068657776742063,0.1150065086956309,Recovery
IND,2022-08-31,0.0829431604509847,0.0817127399862044,Recovery
IND,2022-09-30,0.0596486276692428,0.0031328817793169,Recovery
IND,2022-10-31,0.0299239985703389,0.051440305945413,Recovery
IND,2022-11-30,0.0319943941787798,0.0651947505667457,Recovery
IND,2022-12-31,0.0277713479247431,0.0214322996704972,Recovery
IND,2023-01-31,0.0109895558486434,-0.0290425072583488,Recovery
IND,2023-02-28,-0.0597534133698247,-0.047323898930335,Recovery
IND,2023-03-31,-0.0159962247883293,0.0270998174556691,Recovery
IND,2023-04-30,0.1221094274091694,0.0822361234018962,Recovery
IND,2023-05-31,0.0360822455916056,0.0682552969140749,Recovery
IND,2023-06-30,0.0631452163929115,0.086792367959289,Recovery
IND,2023-07-31,0.1112925525121749,0.0808740383773208,Recovery
IND,2023-08-31,0.0816303427761367,0.0634809824009794,Recovery
IND,2023-09-30,0.0454906889259797,0.0770849522215841,Recovery
IND,2023-10-31,0.0516762308538839,0.0019807014288676,Recovery
IND,2023-11-30,0.2448621729541032,0.127705613225744,Recovery
IND,2023-12-31,0.0991747152701926,0.1280283358869225,Recovery
IND,2024-01-31,0.1770978795756397,0.1427089307070696,Recovery
IND,2024-02-29,0.0208375773594208,0.0358788643997786,Recovery
IND,2024-03-31,-0.0012751664120701,0.0069747794188136,Recovery
IND,2024-04-30,0.1278693568901645,0.1067426741685241,Recovery
IND,2024-05-31,0.0130048664710932,0.0550880760557529,Recovery
IND,2024-06-30,0.0945091404834693,0.0992962673154604,Recovery
IND,2024-07-31,0.0769555336131307,0.0968529443202477,Recovery
IND,2024-08-31,0.0511653818175024,0.0273742802343829,Recovery
IND,2024-09-30,0.0332385636300128,0.0425564413024043,Recovery
IND,2024-10-31,15.120252474426591,0.2266431694092083,Recovery
IND,2024-11-30,0.014751143801861,0.0207892845219409,Recovery
IND,2024-12-31,0.0332702084883684,0.0253797064809449,Recovery
IND,2025-01-31,-0.0691064646999282,-0.0591258115931234,Other
IND,2025-02-28,-0.1315377645455946,-0.097509168659371,Other
IND,2025-03-31,-0.0035712129314328,0.0897157729294854,Other
IND,2025-04-30,0.0878670261042908,0.0462314886218576,Other
IND,2025-05-31,0.0672121072188817,0.0889241754161945,Other
IND,2025-06-30,0.0306529526038496,0.0486773510394904,Other
IND,2025-07-31,0.006006511315098,0.0008396745956791,Other
IND,2025-08-31,-0.0096101656708433,-0.0010711688550363,Other
IND,2025-09-30,0.0170408082439164,0.0595335775750742,Other
JPN,2020-02-29,-0.1493631655564785,-0.0965317119429336,Other
JPN,2020-03-31,-0.0910067989910406,-0.0760731838532167,Crisis
JPN,2020-04-30,0.0845069770177205,0.1100828377260126,Crisis
JPN,2020-05-31,0.1014035628784337,0.1303319465909547,Crisis
JPN,2020-06-30,0.0108755396805921,0.0590425206315339,Crisis
JPN,2020-07-31,-0.0572382667237133,-0.0135709745555349,Crisis
JPN,2020-08-31,0.0924590453344721,0.1287205956670728,Crisis
JPN,2020-09-30,0.0497731349208019,0.0308930139272756,Crisis
JPN,2020-10-31,-0.0358689168303189,0.0264093133756321,Crisis
JPN,2020-11-30,0.0504409548477213,0.1293298415647282,Crisis
JPN,2020-12-31,0.0096997055340667,0.0472297527289438,Crisis
JPN,2021-01-31,0.0126142421394436,0.0323907818459979,Crisis
JPN,2021-02-28,0.0307481280009505,0.0754011447221653,Crisis
JPN,2021-03-31,0.0506556327928151,0.0483218636595073,Crisis
JPN,2021-04-30,-0.0294907905133687,-0.0061084280523844,Crisis
JPN,2021-05-31,0.0017364939906297,0.0160276891113844,Crisis
JPN,2021-06-30,0.020204893413238,0.0399165295480968,Crisis
JPN,2021-07-31,-0.0194748041564662,-0.0154073789998417,Crisis
JPN,2021-08-31,0.0157787857943205,0.0815081083596232,Crisis
JPN,2021-09-30,0.0237731263036655,0.0402298218582374,Crisis
JPN,2021-10-31,-0.0134351376190088,-0.0046844790870858,Crisis
JPN,2021-11-30,-0.0534025825282993,-0.0145734245273812,Crisis
JPN,2021-12-31,27.8793874534456,0.0448290233377346,Crisis
JPN,2022-01-31,-0.0666908825400224,-0.0675615000572098,Recovery
JPN,2022-02-28,0.009979222539137,0.0104358482670963,Recovery
JPN,2022-03-31,0.0321085482878972,0.0635622317439213,Recovery
JPN,2022-04-30,-0.0297182319712973,-0.0427625548972239,Recovery
JPN,2022-05-31,0.0090338885904454,0.0362573679254428,Recovery
JPN,2022-06-30,0.0040930587281399,0.0133158664037361,Recovery
JPN,2022-07-31,0.0292698458300723,0.058312331974989,Recovery
JPN,2022-08-31,0.0231947470536978,0.0387231119744145,Recovery
JPN,2022-09-30,-0.0414175832353802,-0.0716079934782577,Recovery
JPN,2022-10-31,0.0246310578164172,0.091597177141447,Recovery
JPN,2022-11-30,0.0314697521329928,0.0756293393519683,Recovery
JPN,2022-12-31,-0.0348554546790217,-0.042312678141412,Recovery
JPN,2023-01-31,0.0364122645037429,0.0743084273346232,Recovery
JPN,2023-02-28,0.0254670264628102,0.0304562389206151,Recovery
JPN,2023-03-31,0.0050243810935512,0.0001971166594909,Recovery
JPN,2023-04-30,0.009959460180643,-0.0148615414875082,Recovery
JPN,2023-05-31,0.0012428682765918,0.0792144150614936,Recovery
JPN,2023-06-30,0.061388414792291,0.1009896432899637,Recovery
JPN,2023-07-31,0.0080078282314461,0.0135052656567088,Recovery
JPN,2023-08-31,0.0100939644728292,0.0243361860006242,Recovery
JPN,2023-09-30,0.0034650895090258,0.0001052743230213,Recovery
JPN,2023-10-31,-0.0459838839161372,-0.041165906502765,Recovery
JPN,2023-11-30,0.038600299450973,0.1072624675049669,Recovery
JPN,2023-12-31,0.0169512796703693,0.0291077338436808,Recovery
JPN,2024-01-31,0.0442013558445699,0.0643421861635791,Recovery
JPN,2024-02-29,0.0279405294951937,0.1164152359581441,Recovery
JPN,2024-03-31,0.0240124973664864,0.052645582595828,Recovery
JPN,2024-04-30,-0.0351357434287044,-0.0623800030790248,Recovery
JPN,2024-05-31,-0.0016030276078868,0.0462758974508867,Recovery
JPN,2024-06-30,0.0324670215251815,0.0258189938440929,Recovery
JPN,2024-07-31,-0.0046676174803712,-0.0362966790828468,Recovery
JPN,2024-08-31,-0.024170029786195,-0.0049686085111085,Recovery
JPN,2024-09-30,-0.0176390869782581,-0.0193522154874113,Recovery
JPN,2024-10-31,-0.011997529047931,0.0137949565641496,Recovery
JPN,2024-11-30,0.0068557716352403,-0.0020759758007177,Recovery
JPN,2024-12-31,0.0190436512679909,0.0763018797343041,Recovery
JPN,2025-01-31,0.007274531433226,0.0210506928915814,Other
JPN,2025-02-28,0.0001387780029784,-0.0153420111439938,Other
JPN,2025-03-31,0.005108142612588,0.0068416912329611,Other
JPN,2025-04-30,-0.0076064061556153,-0.0027521474698616,Other
JPN,2025-05-31,0.0418689885808686,0.1289311158245557,Other
JPN,2025-06-30,0.0315647196793928,0.1287106567275194,Other
JPN,2025-07-31,0.0387381272539439,0.0512252232654539,Other
JPN,2025-08-31,0.055681329506637,0.1029603997333103,Other
JPN,2025-09-30,0.0042693015144897,0.0627491173611402,Other
LBR,2022-04-30,0.0540540540540541,0.0540540540540541,Recovery
LBR,2022-05-31,-0.0512820512820513,-0.0512820512820513,Recovery
LBR,2022-06-30,-0.027027027027027,-0.027027027027027,Recovery
LBR,2022-07-31,-0.0277777777777777,-0.0277777777777777,Recovery
LBR,2022-08-31,-0.0285714285714284,-0.0285714285714284,Recovery
LBR,2022-09-30,-0.0729411764705884,-0.0729411764705884,Recovery
LBR,2022-10-31,0.0317258883248732,0.0317258883248732,Recovery
LBR,2022-11-30,-0.077490774907749,-0.077490774907749,Recovery
LBR,2022-12-31,0.1999999999999999,0.1999999999999999,Recovery
LBR,2023-01-31,0.0,0.0,Recovery
LBR,2023-02-28,0.1111111111111111,0.1111111111111111,Recovery
LBR,2023-03-31,-0.075,-0.075,Recovery
LBR,2023-04-30,0.0270270270270269,0.0270270270270269,Recovery
LBR,2023-05-31,-0.0263157894736841,-0.0263157894736841,Recovery
LBR,2023-06-30,0.0,0.0,Recovery
LBR,2023-07-31,-0.054054054054054,-0.054054054054054,Recovery
LBR,2023-08-31,0.0,0.0,Recovery
LBR,2023-09-30,0.0,0.0,Recovery
LBR,2023-10-31,-0.1257142857142856,-0.1257142857142856,Recovery
LBR,2023-11-30,-0.0522875816993464,-0.0522875816993464,Recovery
LBR,2023-12-31,0.0,0.0,Recovery
LBR,2024-01-31,0.0,0.0,Recovery
LBR,2024-02-29,0.0,0.0,Recovery
LBR,2024-03-31,-0.3448275862068964,-0.3448275862068964,Recovery
LBR,2024-04-30,-0.7305263157894737,-0.7305263157894737,Recovery
LBR,2024-05-31,-0.0625,-0.0625,Recovery
LBR,2024-06-30,-0.0999999999999999,-0.0999999999999999,Recovery
LBR,2024-07-31,0.0,0.0,Recovery
LBR,2024-08-31,0.0,0.0,Recovery
LBR,2024-09-30,-0.0277777777777777,-0.0277777777777777,Recovery
LBR,2024-10-31,-0.019047619047619,-0.019047619047619,Recovery
LBR,2024-11-30,-0.2912621359223301,-0.2912621359223301,Recovery
LBR,2024-12-31,-0.136986301369863,-0.136986301369863,Recovery
LBR,2025-01-31,0.0,0.0,Other
LBR,2025-02-28,0.0,0.0,Other
LBR,2025-03-31,0.0,0.0,Other
LBR,2025-04-30,-0.0793650793650794,-0.0793650793650794,Other
LBR,2025-05-31,-0.2241379310344827,-0.2241379310344827,Other
LBR,2025-06-30,1.7111111111111117,1.7111111111111117,Other
LBR,2025-07-31,4.69672131147541,4.696721311475409,Other
LBR,2025-08-31,-0.39568345323741,-0.39568345323741,Other
LBR,2025-09-30,-0.380952380952381,-0.380952380952381,Other
SAU,2020-02-29,-0.0701873213995056,-0.0595648418719029,Other
SAU,2020-03-31,-0.1667763828706965,-0.1479800682452591,Crisis
SAU,2020-04-30,0.1232255104652771,0.1012781307741038,Crisis
SAU,2020-05-31,-0.0120092944735951,0.0026758935857675,Crisis
SAU,2020-06-30,0.0509694730306492,0.0350636232514997,Crisis
SAU,2020-07-31,0.0721737696958784,0.0826263259330261,Crisis
SAU,2020-08-31,0.1202615309587693,0.1818626174542928,Crisis
SAU,2020-09-30,0.1750660135001187,0.2327024855709646,Crisis
SAU,2020-10-31,-0.1036327716073276,-0.0936499264468896,Crisis
SAU,2020-11-30,0.2015503377150906,0.3285897741081831,Crisis
SAU,2020-12-31,0.016541657428977,0.0416810239321385,Crisis
SAU,2021-01-31,0.0097961233130385,0.0657784876509921,Crisis
SAU,2021-02-28,0.0500434636535956,0.1563595853195001,Crisis
SAU,2021-03-31,0.0619482371246242,0.1158035361646197,Crisis
SAU,2021-04-30,0.0247131043491104,0.0542793092047903,Crisis
SAU,2021-05-31,0.0548963617410405,0.0801458662730675,Crisis
SAU,2021-06-30,0.057555186191953,0.1063376806301874,Crisis
SAU,2021-07-31,0.0119463030273141,0.0544608935319132,Crisis
SAU,2021-08-31,-0.0153734816493478,0.0005558274508374,Crisis
SAU,2021-09-30,-0.0015984805575672,0.0423916130896435,Crisis
SAU,2021-10-31,-0.0242749135336403,-0.0070528148881979,Crisis
SAU,2021-11-30,-0.1080909996448422,-0.0950700329131938,Crisis
SAU,2021-12-31,0.0552105297334447,0.0945616561394286,Crisis
SAU,2022-01-31,0.0583075152196886,0.1007134317569985,Recovery
SAU,2022-02-28,0.0087374844783074,0.0862954369055716,Recovery
SAU,2022-03-31,0.0122940683811782,0.0621189661388514,Recovery
SAU,2022-04-30,-0.0119306736929962,0.0599672489518057,Recovery
SAU,2022-05-31,-0.0610009174899635,-0.0855950825003401,Recovery
SAU,2022-06-30,-0.1179295991266073,-0.1481757686803365,Recovery
SAU,2022-07-31,0.0388790055995983,0.0670474532365864,Recovery
SAU,2022-08-31,0.0376268527954544,0.0716173870389905,Recovery
SAU,2022-09-30,-0.0701595506419381,-0.0836779689463345,Recovery
SAU,2022-10-31,0.0116825292768085,0.0249161161109104,Recovery
SAU,2022-11-30,-0.0589999637918387,-0.0743837847928853,Recovery
SAU,2022-12-31,-0.0378731607906866,-0.0385442983797033,Recovery
SAU,2023-01-31,0.0674355669572967,0.0738032685605997,Recovery
SAU,2023-02-28,-0.015557459271671,-0.0288774001614364,Recovery
SAU,2023-03-31,0.0413760922500399,0.0637826075954858,Recovery
SAU,2023-04-30,0.0707143480447571,0.0829370786940199,Recovery
SAU,2023-05-31,0.0166494041626002,-0.0004017333728369,Recovery
SAU,2023-06-30,-0.0174866786822711,0.0176132233411127,Recovery
SAU,2023-07-31,-0.0290064040738299,0.0490500013386175,Recovery
SAU,2023-08-31,-0.0285124033377022,0.0045647692237895,Recovery
SAU,2023-09-30,-0.0264428404837123,-0.014771331945436,Recovery
SAU,2023-10-31,-0.0755389742664062,-0.0295138393371065,Recovery
SAU,2023-11-30,0.0446509808527666,0.0694299835175093,Recovery
SAU,2023-12-31,0.0478025138560215,0.0823654776656187,Recovery
SAU,2024-01-31,0.0051963831908546,0.0244908895054942,Recovery
SAU,2024-02-29,0.0902767716170092,0.1328757374292335,Recovery
SAU,2024-03-31,0.013210957399035,0.0095119032412934,Recovery
SAU,2024-04-30,0.0117684871303448,0.037049402399352,Recovery
SAU,2024-05-31,-0.0717685525168521,-0.0689473184663279,Recovery
SAU,2024-06-30,0.0169303983877171,0.0143777824852607,Recovery
SAU,2024-07-31,0.022451952943244,0.0557935866937976,Recovery
SAU,2024-08-31,-0.0047618192813224,0.0138834991723709,Recovery
SAU,2024-09-30,0.0143404220812824,0.0466560323614632,Recovery
SAU,2024-10-31,-0.0065339420720765,0.0083929265702438,Recovery
SAU,2024-11-30,-0.0074778832217903,-0.0112388193029854,Recovery
SAU,2024-12-31,0.0265414301133946,0.037434969856484,Recovery
SAU,2025-01-31,0.0555674828115073,0.0786679793461282,Other
SAU,2025-02-28,0.0106572545144555,0.0384750230126072,Other
SAU,2025-03-31,-0.0380439605300351,-0.0293093190512079,Other
SAU,2025-04-30,-0.0177231735315357,0.1153418921638058,Other
SAU,2025-05-31,-0.0579129778867529,-0.056456694526989,Other
SAU,2025-06-30,0.0113001433457946,0.0307125224961698,Other
SAU,2025-07-31,-0.0350955451753093,-0.0086613937819657,Other
SAU,2025-08-31,-0.0266150248917867,-0.0116570751290454,Other
SAU,2025-09-30,0.0269122403747506,0.0863446849837286,Other
TZA,2020-02-29,0.0133547770910408,0.0069512787030612,Other
TZA,2020-03-31,-0.0191919191919191,-0.0051229812865338,Crisis
TZA,2020-04-30,0.0054945054945054,0.0629622831004267,Crisis
TZA,2020-05-31,-0.0125407329820774,-0.0017822132206472,Crisis
TZA,2020-06-30,-0.0036379841192675,0.0009283466451121,Crisis
TZA,2020-07-31,-0.0067340067340067,-0.0011270247155098,Crisis
TZA,2020-08-31,0.0183272891183641,0.0079484432487462,Crisis
TZA,2020-09-30,-0.0273559577102829,-0.0058734220010321,Crisis
TZA,2020-10-31,0.0091954022988505,0.0879778219081531,Crisis
TZA,2020-11-30,0.013107263107263,0.0076983858941649,Crisis
TZA,2020-12-31,-0.0031139816627104,0.0038798311004657,Crisis
TZA,2021-01-31,0.0123924623924623,0.0594302032111331,Crisis
TZA,2021-02-28,0.0012189716312056,-0.0050221300331276,Crisis
TZA,2021-03-31,0.0002097902097902,0.0093368463874509,Crisis
TZA,2021-04-30,0.0008663634394628,-8.774128694396296e-05,Crisis
TZA,2021-05-31,0.0357029969178306,0.1838908494748847,Crisis
TZA,2021-06-30,0.013806844599578,0.0237364507869031,Crisis
TZA,2021-07-31,0.0060461333236756,-0.0013471927245855,Crisis
TZA,2021-08-31,-0.0022126857374038,-0.0014403075366786,Crisis
TZA,2021-09-30,0.0031423851591918,-0.0106181530953596,Crisis
TZA,2021-10-31,-0.0220634007890371,-0.0628219419408064,Crisis
TZA,2021-11-30,0.0326994991246839,0.0109980430998719,Crisis
TZA,2021-12-31,0.0547465198200492,0.0674931324101201,Crisis
TZA,2022-01-31,0.0107848894526526,0.0579219304661551,Recovery
TZA,2022-02-28,0.0583407981337547,0.0258689187025549,Recovery
TZA,2022-03-31,0.0478715645633674,0.058805411104804,Recovery
TZA,2022-04-30,-0.0262023660793028,-0.0049563002088769,Recovery
TZA,2022-05-31,0.0189267342750651,0.1119744928712809,Recovery
TZA,2022-06-30,-0.0150813216714686,-0.0854036184338797,Recovery
TZA,2022-07-31,0.0621837125630247,0.0704881330453262,Recovery
TZA,2022-08-31,0.0042269767691809,0.0215632982149286,Recovery
TZA,2022-09-30,-0.032981827630841,-0.0320574469238831,Recovery
TZA,2022-10-31,-0.03620874111441,-0.0101723541758269,Recovery
TZA,2022-11-30,-0.0300950047899238,0.011426977793453,Recovery
TZA,2022-12-31,-0.0055725194129126,0.0179219546939683,Recovery
TZA,2023-01-31,-0.0137485174494101,0.0017939629948471,Recovery
TZA,2023-02-28,0.0396273616807432,0.0983221712443164,Recovery
TZA,2023-03-31,0.0425368787719603,0.064658497233987,Recovery
TZA,2023-04-30,0.0118639505596844,0.0601351717174659,Recovery
TZA,2023-05-31,0.0301954251924568,-0.0039013601222529,Recovery
TZA,2023-06-30,-0.0196375854153078,0.0033592561038917,Recovery
TZA,2023-07-31,0.0100811069846964,0.0153205206029266,Recovery
TZA,2023-08-31,-0.007880895389053,-0.0067233051216336,Recovery
TZA,2023-09-30,0.0020911039066479,0.0035062965332877,Recovery
TZA,2023-10-31,0.0198911379706432,0.0344368678985863,Recovery
TZA,2023-11-30,0.0051943840389872,0.0071653426151876,Recovery
TZA,2023-12-31,0.0072800232510257,-0.0045624325417666,Recovery
TZA,2024-01-31,0.0094631479828677,0.0049264549349413,Recovery
TZA,2024-02-29,0.0189746625995819,0.0761845615465706,Recovery
TZA,2024-03-31,-0.0014351077426551,0.0396485020338144,Recovery
TZA,2024-04-30,0.0041260815452168,-0.0055864915332117,Recovery
TZA,2024-05-31,-0.006444999849314,0.0031756925448995,Recovery
TZA,2024-06-30,-0.0015886970087129,0.0041509675901055,Recovery
TZA,2024-07-31,0.0161391565567685,0.0771073195818138,Recovery
TZA,2024-08-31,0.0187477251756078,0.0456046760855424,Recovery
TZA,2024-09-30,0.0226056319123067,0.0026764856055067,Recovery
TZA,2024-10-31,0.0083114931634497,0.0208268153930148,Recovery
TZA,2024-11-30,-0.0010862144111129,-0.011959430475392,Recovery
TZA,2024-12-31,-0.0253832516217358,0.004660533013818,Recovery
TZA,2025-01-31,0.0109416308603122,0.0292937013351582,Other
TZA,2025-02-28,0.0265040172580482,0.024903364670398,Other
TZA,2025-03-31,0.0069149508485265,0.0050701649106662,Other
TZA,2025-04-30,0.0096038640207067,0.005159165773489,Other
TZA,2025-05-31,0.1005196552322979,0.003084686905995,Other
TZA,2025-06-30,0.0218011626333273,0.0056920162647075,Other
TZA,2025-07-31,0.1270269129961273,0.1376847378718288,Other
TZA,2025-08-31,0.2873243244331047,0.091172298165902,Other
TZA,2025-09-30,-0.0600051064409324,-0.0505592165968465,Other
VGB,2020-02-29,-0.1125432813159401,-0.0872140058078844,Other
VGB,2020-03-31,-0.1303544682280746,-0.1663924110842827,Crisis
VGB,2020-04-30,0.2590532299000476,0.3248251467364284,Crisis
VGB,2020-05-31,0.1506068283238278,0.0924110164661034,Crisis
VGB,2020-06-30,0.0107934377635866,0.0470923870696286,Crisis
VGB,2020-07-31,0.1985519155886273,0.4462857567553859,Crisis
VGB,2020-08-31,-0.0104764770084812,-0.0695201717822764,Crisis
VGB,2020-09-30,0.0131453955983507,0.0410146793089865,Crisis
VGB,2020-10-31,-0.0619055420790464,-0.0194676674216909,Crisis
VGB,2020-11-30,0.0345457621904151,0.0642406069803161,Crisis
VGB,2020-12-31,0.1004580393844378,0.2006308283131027,Crisis
VGB,2021-01-31,0.0588798911561792,0.1444453548418612,Crisis
VGB,2021-02-28,0.2092600202517711,0.8482207713201663,Crisis
VGB,2021-03-31,0.0905380354417987,0.6623534018263413,Crisis
VGB,2021-04-30,0.2884682244781699,0.7812118626714161,Crisis
VGB,2021-05-31,0.0220012168928019,0.0519067474732186,Crisis
VGB,2021-06-30,0.01341176556251,0.1073906732457963,Crisis
VGB,2021-07-31,0.043272875131084,0.1278172406961108,Crisis
VGB,2021-08-31,-0.040178230380403,-0.2300485080652004,Crisis
VGB,2021-09-30,-0.0432024834672374,0.0553397240312511,Crisis
VGB,2021-10-31,-0.0263430248826984,0.0021572326326522,Crisis
VGB,2021-11-30,-0.0570086841324613,-0.0702979811064802,Crisis
VGB,2021-12-31,-0.0124454077499721,0.062127809252423,Crisis
VGB,2022-01-31,0.1012714663463542,0.3967852226007118,Recovery
VGB,2022-02-28,0.043423993038655,0.3877044168495933,Recovery
VGB,2022-03-31,-0.0452157212109408,-0.0314540831667073,Recovery
VGB,2022-04-30,0.0462680208881484,0.0756963874529063,Recovery
VGB,2022-05-31,-0.0936896577871865,-0.0382483243596001,Recovery
VGB,2022-06-30,-0.1292501043537476,-0.0284135481538077,Recovery
VGB,2022-07-31,-0.0467485837016195,-0.0350158695415494,Recovery
VGB,2022-08-31,0.0402841559533195,0.1189433470205177,Recovery
VGB,2022-09-30,-0.0794955199769161,-0.031160223699835,Recovery
VGB,2022-10-31,0.0176860799656546,0.2016066937016979,Recovery
VGB,2022-11-30,0.1483060999277853,0.2531792474707995,Recovery
VGB,2022-12-31,-0.0281255751693626,-0.0675140219057413,Recovery
VGB,2023-01-31,0.0837011673148438,0.0646025047115093,Recovery
VGB,2023-02-28,0.0252123869140442,0.1909862345842484,Recovery
VGB,2023-03-31,0.0224069404269617,0.1846578649566891,Recovery
VGB,2023-04-30,0.0437616769708529,0.0331797538008889,Recovery
VGB,2023-05-31,-0.0958055152973057,-0.2181234550306555,Recovery
VGB,2023-06-30,-0.1133428073206699,-0.2089819758600667,Recovery
VGB,2023-07-31,0.1077778336191049,0.4333764331565556,Recovery
VGB,2023-08-31,-0.1182237472648711,-0.1147377215155136,Recovery
VGB,2023-09-30,-0.0264944861197483,-0.024341666852274,Recovery
VGB,2023-10-31,0.0044684185450533,0.0191761432437243,Recovery
VGB,2023-11-30,-0.0243522508207478,0.3267325803475924,Recovery
VGB,2023-12-31,-0.1822360875172034,-0.3346433239102691,Recovery
VGB,2024-01-31,0.3236257917926772,3.557023440122317,Recovery
VGB,2024-02-29,0.0594001890703225,0.5569694705962658,Recovery
VGB,2024-03-31,-0.1366543351991472,-0.3607402853709566,Recovery
VGB,2024-04-30,0.0941256604598045,0.1409676945438274,Recovery
VGB,2024-05-31,6.489134095974725,0.2418605057531118,Recovery
VGB,2024-06-30,-0.091165920656775,-0.2986452140332159,Recovery
VGB,2024-07-31,0.1123018861853896,0.5694314649833278,Recovery
VGB,2024-08-31,-0.1131658436485298,0.0681677822181148,Recovery
VGB,2024-09-30,0.8104544600619952,-0.2016396699583921,Recovery
VGB,2024-10-31,-0.060473865454341,-0.0263454500707218,Recovery
VGB,2024-11-30,0.4797873079186363,0.0178101865574149,Recovery
VGB,2024-12-31,-0.010121007020517,0.0708397276027698,Recovery
VGB,2025-01-31,0.0334385289945903,0.1042892312117102,Other
VGB,2025-02-28,-0.0867969480792156,0.0021417437578077,Other
VGB,2025-03-31,0.9450990594837764,0.2570347078872148,Other
VGB,2025-04-30,0.2548578142538097,0.6168341181802021,Other
VGB,2025-05-31,-0.0711880216922504,-0.1153330024989105,Other
VGB,2025-06-30,0.5444861395372436,1.4938604609832624,Other
VGB,2025-07-31,0.0232991450167381,0.5050208513125372,Other
VGB,2025-08-31,0.370655788253757,0.4807256403485367,Other
VGB,2025-09-30,0.0079686672319336,-0.0481000273180374,Other
ZAF,2020-02-29,0.7539221633579587,-0.0974401340326888,Other
ZAF,2020-03-31,-0.1460551664162153,-0.1473822676256178,Crisis
ZAF,2020-04-30,0.0666969254883432,0.224533223844464,Crisis
ZAF,2020-05-31,0.0240250924896771,-0.0108687345253539,Crisis
ZAF,2020-06-30,0.0911289436146443,0.1043787594164049,Crisis
ZAF,2020-07-31,0.3498130480864521,0.0931660913988034,Crisis
ZAF,2020-08-31,-0.0125900182872468,-0.012823682273981,Crisis
ZAF,2020-09-30,0.0083229446722148,-0.0001953769307539,Crisis
ZAF,2020-10-31,0.0105729034159304,0.0005509966874886,Crisis
ZAF,2020-11-30,0.1299168045112111,0.1023034575865914,Crisis
ZAF,2020-12-31,0.0758071509216503,0.0672722985162995,Crisis
ZAF,2021-01-31,0.034399205501437,0.0647871745068958,Crisis
ZAF,2021-02-28,0.0567927220848389,0.0685226138044955,Crisis
ZAF,2021-03-31,0.0636376381347442,0.043142299623588,Crisis
ZAF,2021-04-30,0.0605369222103943,-0.0001994412875878,Crisis
ZAF,2021-05-31,0.0416128711482523,0.0389546289480516,Crisis
ZAF,2021-06-30,-0.0039324961285711,-0.0278482212059832,Crisis
ZAF,2021-07-31,0.0047869451043044,0.0132766294948171,Crisis
ZAF,2021-08-31,0.0630044540326802,-0.0160782378622902,Crisis
ZAF,2021-09-30,0.0141922266514859,-0.0133103917133922,Crisis
ZAF,2021-10-31,0.0644677141327632,0.0299071223954864,Crisis
ZAF,2021-11-30,0.0007704761604632,0.0103400541428452,Crisis
ZAF,2021-12-31,1.443317435199061,0.7107302673364168,Crisis
ZAF,2022-01-31,0.0287817510176141,0.0464992484591397,Recovery
ZAF,2022-02-28,0.0284751718632508,0.0674453911936538,Recovery
ZAF,2022-03-31,0.0423392810615915,0.0216173986921326,Recovery
ZAF,2022-04-30,0.078825043259094,-0.0474539711549059,Recovery
ZAF,2022-05-31,-0.0151692780396615,-0.0009885627224023,Recovery
ZAF,2022-06-30,-0.0652397234612626,-0.0180767663440417,Recovery
ZAF,2022-07-31,0.1943949010594592,0.0246004665863296,Recovery
ZAF,2022-08-31,-0.0022515261742349,-0.0097453090446817,Recovery
ZAF,2022-09-30,-0.0407429624878606,-0.0469436330749414,Recovery
ZAF,2022-10-31,0.0156513930937232,0.0451142611634031,Recovery
ZAF,2022-11-30,0.0331071947963308,0.114037520247397,Recovery
ZAF,2022-12-31,-0.0236382339897619,-0.0412973950800933,Recovery
ZAF,2023-01-31,0.0182087326191723,0.0724405620078654,Recovery
ZAF,2023-02-28,-0.0186076492787198,-0.0269163951405379,Recovery
ZAF,2023-03-31,-0.0289080390737402,-0.008083652517372,Recovery
ZAF,2023-04-30,333.32756846096413,0.8080893541720973,Recovery
ZAF,2023-05-31,-0.0663407552298125,-0.0718648167532637,Recovery
ZAF,2023-06-30,0.0280245033302881,0.063918048121247,Recovery
ZAF,2023-07-31,2.458607503044966,0.0885686985165494,Recovery
ZAF,2023-08-31,-0.0086336177596452,-0.0609782226739161,Recovery
ZAF,2023-09-30,-0.0121686056496571,-0.0313655447444341,Recovery
ZAF,2023-10-31,-0.0261126000039128,-0.0274973198338775,Recovery
ZAF,2023-11-30,0.0411839189934938,0.0868005376862997,Recovery
ZAF,2023-12-31,0.0515857047276681,0.0427969456515485,Recovery
ZAF,2024-01-31,-0.0036330684122676,-0.0320353477653297,Recovery
ZAF,2024-02-29,-0.0241690564583671,-0.0245840847257926,Recovery
ZAF,2024-03-31,0.0245610183328573,0.0408463798283491,Recovery
ZAF,2024-04-30,-0.0015671155056907,0.0147669358053274,Recovery
ZAF,2024-05-31,0.0406162815318035,0.0036714788758227,Recovery
ZAF,2024-06-30,0.0749189297567338,0.0851778871328933,Recovery
ZAF,2024-07-31,0.0529335868974987,0.0481928327085875,Recovery
ZAF,2024-08-31,0.0160352881905585,0.0158549670814225,Recovery
ZAF,2024-09-30,0.0419351591212946,0.0452472448350242,Recovery
ZAF,2024-10-31,0.031404965446767,0.0053792286937026,Recovery
ZAF,2024-11-30,-0.0077452233418045,-0.0132736181927585,Recovery
ZAF,2024-12-31,0.0126632083312231,-0.0015536060540674,Recovery
ZAF,2025-01-31,-0.0021553151639626,0.0435433980092191,Other
ZAF,2025-02-28,-0.0464109370541291,-0.0079430477070772,Other
ZAF,2025-03-31,0.004584085864096,0.06926394131424,Other
ZAF,2025-04-30,0.000141460385971,0.0250175846344342,Other
ZAF,2025-05-31,0.0561439372749312,0.0456912830921551,Other
ZAF,2025-06-30,0.0108238359303525,0.0522544426302839,Other
ZAF,2025-07-31,0.0354703551794079,0.0372224495714908,Other
ZAF,2025-08-31,0.0663084748154734,0.0204641113338792,Other
ZAF,2025-09-30,0.0223977206925332,0.2331011401339959,Other
