country,datadate,ew_return,vw_return
<<<<<<< Updated upstream
AUS,2020-03-31,-0.3851983178423207,-0.6324060570879217
AUS,2020-04-30,0.18321690381488334,0.11848474716089463
AUS,2020-05-31,0.10289647189593294,0.09917486980405008
AUS,2020-06-30,-5.6801504626837304e-06,0.04715258759237923
AUS,2020-07-31,0.10151314937157128,0.07068979432703881
AUS,2020-08-31,0.0983307670121679,0.07379279299993965
AUS,2020-09-30,0.016605318940999605,-0.012097129135916916
AUS,2020-10-31,0.02624469428254087,0.05815866676311185
AUS,2020-11-30,0.0670881003350922,0.11937776498881411
AUS,2020-12-31,0.024035288599560372,0.048966531126726325
AUS,2021-01-31,0.03670637656625021,0.016983057953010992
AUS,2021-02-28,0.019105992539267827,0.017760741843883866
AUS,2021-03-31,-0.008295285622541679,0.06502983267874667
AUS,2021-04-30,0.02959178420310889,0.06498461956867513
AUS,2021-05-31,-0.007396957559700354,0.018413387098746906
AUS,2021-06-30,-0.03069514003575175,0.034008496768752026
AUS,2021-07-31,0.02572474200152816,0.030807465981131914
AUS,2021-08-31,0.00955631572844177,0.11487982639379436
AUS,2021-09-30,0.009346743395213658,0.048940891014935296
AUS,2021-10-31,0.0287649899463262,0.06499131171941441
AUS,2021-11-30,-0.02800618503041845,0.008268028000675397
AUS,2021-12-31,-0.005666149849412195,0.02680419293783263
AUS,2022-01-31,-0.03676422922697608,-0.7819872231405159
AUS,2022-02-28,-0.03732133268976421,0.14045478253037805
AUS,2022-03-31,0.038481830976056085,0.10622787533743372
AUS,2022-04-30,-0.010180305012283068,0.0852568211046289
AUS,2022-05-31,-0.08945165163604113,0.04147262750900452
AUS,2022-06-30,-0.1658245903072987,-0.029775935097537377
AUS,2022-07-31,0.10405449796940892,0.16972753332904536
AUS,2022-08-31,0.012581541491680654,0.13119777287270087
AUS,2022-09-30,-0.06906462039686144,0.03150895160770036
AUS,2022-10-31,-0.0043585764639834795,0.16128587755230833
AUS,2022-11-30,0.009614522762977265,0.11963778982326106
AUS,2022-12-31,-0.04036156755992172,0.07877751691809212
AUS,2023-01-31,0.042683490002262,0.18353182550141295
AUS,2023-02-28,-0.05981380518353645,0.0659402303230847
AUS,2023-03-31,-0.042622278955295786,0.1088431244621213
AUS,2023-04-30,0.010625697154883373,0.13063336059693695
AUS,2023-05-31,-0.049931990874062186,0.076392507922568
AUS,2023-06-30,-0.028961776428813684,0.07491922621600577
AUS,2023-07-31,0.04397306748699625,0.12007727621779973
AUS,2023-08-31,-0.03705205754220575,0.09055750117184654
AUS,2023-09-30,-0.02646060119501054,0.06841703347942883
AUS,2023-10-31,-0.04462165795887316,0.04492687650781278
AUS,2023-11-30,0.0119193670560207,0.12147543602872661
AUS,2023-12-31,0.003620822508736921,0.1256229395840557
AUS,2024-01-31,-0.0441956189686627,0.11483933280517172
AUS,2024-02-29,-0.020083431499296693,0.12452612937881884
AUS,2024-03-31,0.008413029651451374,0.14231178755496676
AUS,2024-04-30,-0.013850625898706465,0.09486332709523711
AUS,2024-05-31,-0.01972929525644848,0.10999812028497515
AUS,2024-06-30,-0.05971919387437567,0.10519792555102092
AUS,2024-07-31,0.014852882406460509,0.12191328096266098
AUS,2024-08-31,-0.014236092173452473,0.10636972823918124
AUS,2024-09-30,0.024148125505503847,0.09613656821142008
AUS,2024-10-31,0.005966356528861593,0.08658204505238494
AUS,2024-11-30,-0.028181011432236513,0.10623727181411494
AUS,2024-12-31,-0.0317112617293956,0.06903130801200688
AUT,2020-03-31,-0.056847010934479685,-0.037578042394203225
AUT,2020-04-30,0.005231617189154778,0.25873989961172245
AUT,2020-05-31,-0.03103336194828522,0.0950319388142858
AUT,2020-06-30,-0.03018785373896344,-0.022073593489085205
AUT,2020-07-31,-0.030865185067465373,0.04215919035448466
AUT,2020-08-31,-0.02021219336132443,0.044931050234453145
AUT,2020-09-30,-0.039713248043797805,0.21699785230088195
AUT,2020-10-31,-0.04601785633967305,-0.047539269870007415
AUT,2020-11-30,0.04228050642643702,0.16550734849673046
AUT,2020-12-31,-0.016441926064823406,-0.1037936709738114
AUT,2021-01-31,-0.008478835029563366,0.12130271852346089
AUT,2021-02-28,-0.018233936087542292,-0.028411426086814486
AUT,2021-03-31,-0.012270399951749292,-0.06481479195957955
AUT,2021-04-30,-0.016281074210778384,-0.09067847237627849
AUT,2021-05-31,-0.01963701009443905,0.07101767063799724
AUT,2021-06-30,-0.0446216376567564,0.014661748545702456
AUT,2021-07-31,-0.021987739616035486,-0.037647748483557134
AUT,2021-08-31,-0.031218769211336154,0.04735690987326923
AUT,2021-09-30,-0.03196247360025143,-0.04566364673324251
AUT,2021-10-31,-0.026950529625169847,0.027078210384594934
AUT,2021-11-30,-0.05419750506400219,-0.09950457955644175
AUT,2021-12-31,-0.03170910503890255,-0.004116775047106428
AUT,2022-01-31,-0.03401793664964751,-0.04319192760767054
AUT,2022-02-28,-0.054539027742325524,-0.07981673814496502
AUT,2022-03-31,-0.04224156698106534,-0.024178027950308073
AUT,2022-04-30,-0.03079057176131938,-0.0775812865522305
AUT,2022-05-31,-0.029251958964212017,-0.020507557675178523
AUT,2022-06-30,-0.06208760737023197,-0.16355010196344352
AUT,2022-07-31,-0.0348160660082574,-0.05997986711995686
AUT,2022-08-31,-0.04638473701166554,-0.07541291268833658
AUT,2022-09-30,-0.06638795753172916,-0.09571378932263681
AUT,2022-10-31,-0.02964003378008907,-0.014137814407027216
AUT,2022-11-30,-0.023960600876729375,0.14847310516036605
AUT,2022-12-31,-0.06412947912597446,-0.0804044450025765
AUT,2023-01-31,-0.006728555505539806,0.11705867048002723
AUT,2023-02-28,-0.03590975045174127,-0.06276733764631987
AUT,2023-03-31,-0.06657164829464894,-0.07892666843222114
AUT,2023-04-30,-0.04706560009934982,-0.06276537689317405
AUT,2023-05-31,-0.054502464179621374,-0.0006457847942830469
AUT,2023-06-30,-0.040683618654571645,-0.022032575854964608
AUT,2023-07-31,-0.034533835806993124,0.10572396568692523
AUT,2023-08-31,-0.06760076255809026,-0.1331754523275006
AUT,2023-09-30,-0.05240094036897545,-0.1462518350574392
AUT,2023-10-31,-0.05473558315018711,-0.12406287928889251
AUT,2023-11-30,-0.023353998062676684,-0.033889890570265355
AUT,2023-12-31,-0.0349914111141541,-0.16457060796554795
AUT,2024-01-31,-0.04338016683504263,-0.06252376122646407
AUT,2024-02-29,-0.06819304189813939,-0.18508142022460142
AUT,2024-03-31,-0.04453683110532349,-0.07239244092371858
AUT,2024-04-30,-0.04933797803603944,-0.025614489936384665
AUT,2024-05-31,-0.028982503268621743,0.06039407500343019
AUT,2024-06-30,-0.04984457245603658,-0.04982547254830829
AUT,2024-07-31,-0.05048752504555038,7.009859640849765e-05
AUT,2024-08-31,-0.04919023328832951,-0.018301706127112096
AUT,2024-09-30,-0.06328853928518209,-0.10733332237526608
AUT,2024-10-31,-0.060027825233723936,-0.0932799360085815
AUT,2024-11-30,-0.05382264556478673,-0.02495909263151949
AUT,2024-12-31,-0.03751024328020658,0.02363874251917292
BRA,2020-03-31,-0.08439930082970643,-0.3292357529890634
BRA,2020-04-30,0.025009824541205275,0.25738191441910246
BRA,2020-05-31,0.00027773673750454983,0.12368074395789484
BRA,2020-06-30,0.08053058564771541,0.059887753166514096
BRA,2020-07-31,-0.009053838638428116,-0.03824088594279577
BRA,2020-08-31,-0.033273225063930954,-0.04321537190819964
BRA,2020-09-30,-0.06574358418233749,-0.11685289768567862
BRA,2020-10-31,-0.05556846275625226,-0.1298888731824292
BRA,2020-11-30,0.03722199823911,0.03230797475566104
BRA,2020-12-31,0.019402983103564517,-0.07166822730032393
BRA,2021-01-31,-0.04437124247010413,-0.07196160868038448
BRA,2021-02-28,-0.06763532153198995,-0.10536837423668267
BRA,2021-03-31,-0.01858180050473391,-0.07013276183424358
BRA,2021-04-30,0.01688830163585506,-0.04441480321395196
BRA,2021-05-31,-0.0033909877471259304,0.0013875199324881815
BRA,2021-06-30,0.0026648276634186146,0.02329635494655424
BRA,2021-07-31,-0.06798696672065534,-0.11652485924235585
BRA,2021-08-31,-0.07021251912094006,-0.10872479461219199
BRA,2021-09-30,-0.08843013155025829,-0.1428078641554448
BRA,2021-10-31,-0.10854561365991011,-0.1615088462498032
BRA,2021-11-30,-0.06165950562452341,-0.0932987252535579
BRA,2021-12-31,-0.010633385190828534,-0.04462240723457857
BRA,2022-01-31,-0.022404619161590186,-0.04752758661359825
BRA,2022-02-28,-0.061452718649090396,-0.09394522386628852
BRA,2022-03-31,0.006248747554729284,0.07931865200823972
BRA,2022-04-30,-0.09676720319868967,-0.13882597761206544
BRA,2022-05-31,-0.0525390806160271,-0.0641295327200602
BRA,2022-06-30,-0.12661107779881045,-0.1362468063034222
BRA,2022-07-31,0.005528875095959881,0.02183593533635266
BRA,2022-08-31,0.016675621948650136,0.16170154932462866
BRA,2022-09-30,-0.03924243831263383,-0.005286922386682373
BRA,2022-10-31,-0.006456344978786712,-0.07532671517074081
BRA,2022-11-30,-0.10312935617677937,-0.14757367468122937
BRA,2022-12-31,-0.055878846925192106,-0.01609208039252915
BRA,2023-01-31,-0.005978291898709391,0.08780594463634973
BRA,2023-02-28,-0.08380724953558454,-0.12087892531477189
BRA,2023-03-31,-0.0517367416126649,-0.113520710557098
BRA,2023-04-30,-0.0227314815453901,0.014896240527047577
BRA,2023-05-31,0.03963096418040868,0.21459540410153952
BRA,2023-06-30,0.05017386364659809,0.045211178306292156
BRA,2023-07-31,-0.008966686718150966,0.035851304519178076
BRA,2023-08-31,-0.06975494734162971,-0.12097900368055078
BRA,2023-09-30,-0.04300536179848805,-0.06372603613339096
BRA,2023-10-31,-0.0790991908523185,-0.12118714596793571
BRA,2023-11-30,0.04158141086102472,0.20882244542996975
BRA,2023-12-31,0.006165941168144584,0.049518669276921015
BRA,2024-01-31,-0.0684022283131036,-0.05355100522948614
BRA,2024-02-29,-0.026135255347812917,0.008368438056191283
BRA,2024-03-31,-0.026516602342815155,-0.0069343753701227775
BRA,2024-04-30,-0.07382280887620153,-0.03707448879948251
BRA,2024-05-31,-0.05389395497823784,-0.0009672017734502511
BRA,2024-06-30,-0.054550525333784204,0.009507360786499065
BRA,2024-07-31,-0.019620293388005562,0.05251306691025457
BRA,2024-08-31,-0.011648827392111406,0.07003006149984191
BRA,2024-09-30,-0.058783049628463944,-0.022734075611193637
BRA,2024-10-31,-0.04422415050074518,-0.026123019660516743
BRA,2024-11-30,-0.06865550174273193,-0.06571653782164476
BRA,2024-12-31,-0.08712152962023105,-0.06783285817341782
BRB,2020-04-30,0.022132114798781483,0.08747380906522827
BRB,2020-05-31,-0.3397309952541525,-0.5889772935607394
BRB,2020-06-30,-0.37525000000000003,-0.04264189714237377
BRB,2020-07-31,-0.32664255453430874,-0.15850033133946193
BRB,2020-08-31,-0.3360656530686425,-0.014336784534063462
BRB,2020-09-30,-0.30396825396825394,0.009278554151538507
BRB,2020-10-31,-0.4987883074021688,-0.4447958494563196
=======
AUS,2020-04-30,0.37683948396940115,0.15791245046603758
AUS,2020-05-31,0.17910372930261753,0.09252606173366325
AUS,2020-06-30,0.11210235731833786,0.04542803733377805
AUS,2020-07-31,1.1934647902893019,0.08611602413460305
AUS,2020-08-31,0.22390529812259097,0.0856945080645724
AUS,2020-09-30,0.12528195361482572,-0.030637471824688126
AUS,2020-10-31,0.10281591517383869,0.039739561896857734
AUS,2020-11-30,0.20277832936617574,0.17084817805588925
AUS,2020-12-31,0.12274309864523522,0.05395918846907908
AUS,2021-01-31,0.1271660056297879,0.05858839865955415
AUS,2021-02-28,0.08298130811984349,0.13824515120232667
AUS,2021-03-31,0.006495696659810516,0.027886418082677014
AUS,2021-04-30,0.05188161136555196,0.06463177666387436
AUS,2021-05-31,0.02597252899563673,0.006251727319798857
AUS,2021-06-30,0.061607009363090166,0.010380064103436691
AUS,2021-07-31,0.1566457988667852,0.05019098054208575
AUS,2021-08-31,0.040106508159534406,0.03897781356998902
AUS,2021-09-30,0.07074061754357913,-0.020201645965238085
AUS,2021-10-31,0.05447235211740088,0.016605915182889622
AUS,2021-11-30,0.021351073825762065,0.021585378176019968
AUS,2021-12-31,0.26548685551097634,0.0389014390592417
AUS,2022-01-31,-0.015310345830207413,0.04994141737873158
AUS,2022-02-28,-0.001242529781959678,0.02673090134422104
AUS,2022-03-31,0.07096063685288945,0.10381624996818585
AUS,2022-04-30,0.10994290013240293,0.005018567038215949
AUS,2022-05-31,-0.04076671759947798,-0.032795502190636636
AUS,2022-06-30,-0.15981282782921769,-0.09769277300657592
AUS,2022-07-31,0.24006031242840745,0.0728581918414508
AUS,2022-08-31,0.11084076137917542,0.04285002157927408
AUS,2022-09-30,-0.04245287506385351,-0.058827160416329995
AUS,2022-10-31,0.027771411108319592,0.05844114150855506
AUS,2022-11-30,0.04903189654636342,0.09739124330420383
AUS,2022-12-31,0.02383163449573959,-0.032226042824272744
AUS,2023-01-31,0.06695113423189364,0.09205374582819932
AUS,2023-02-28,-0.05221949115364367,-0.03279775808587271
AUS,2023-03-31,-0.03616762635464757,0.002575852075524445
AUS,2023-04-30,0.02537964981944386,0.03572939833868326
AUS,2023-05-31,-0.039922726869417356,-0.024862260481042373
AUS,2023-06-30,0.03635700661504673,0.026549956565554252
AUS,2023-07-31,0.13516145684055295,0.03852796932472456
AUS,2023-08-31,0.005167650314244909,-0.012043959211811187
AUS,2023-09-30,0.004770085430558161,-0.028006828106150558
AUS,2023-10-31,0.050179054300584475,-0.03685328427300849
AUS,2023-11-30,273.4245949263029,3.338221440190344
AUS,2023-12-31,0.19453440599236257,0.07672113187380976
AUS,2024-01-31,-0.04040003162456493,0.007247851570026442
AUS,2024-02-29,0.018777111231262047,0.024259058010466097
AUS,2024-03-31,0.10094880699198076,0.04850484201895279
AUS,2024-04-30,0.04242750753958796,0.035822068331991794
AUS,2024-05-31,0.10609529285018791,0.026847913241433558
AUS,2024-06-30,-0.036768065092305964,-0.016632696806549663
AUS,2024-07-31,0.11878070889376656,0.017026005687572753
AUS,2024-08-31,0.017139769901151857,-0.00714103066180292
AUS,2024-09-30,0.09391114149202281,0.0668390847016239
AUS,2024-10-31,0.10317527901829096,-0.015990322247160512
AUS,2024-11-30,0.07081143180153116,0.02697618344730692
AUS,2024-12-31,0.26569424616563886,-0.013734100966877008
AUT,2020-04-30,0.09508574826773537,0.12292574530684995
AUT,2020-05-31,0.010700351879976174,0.03841688758279181
AUT,2020-06-30,-0.008078527007625128,-0.005102599161906541
AUT,2020-07-31,-0.008689405272903157,-0.01669707850155902
AUT,2020-08-31,0.02686142958685743,0.01686259483325583
AUT,2020-09-30,-0.022295163025033947,0.02962185537817397
AUT,2020-10-31,-0.040295210762617203,-0.041905418277148186
AUT,2020-11-30,0.21288571418355634,0.4191493417519157
AUT,2020-12-31,0.050980567309922106,0.16471853065144335
AUT,2021-01-31,0.05715469232800486,0.002865667967544271
AUT,2021-02-28,0.03200984211256613,0.05959889817154233
AUT,2021-03-31,0.04628274845001744,0.05469749084994649
AUT,2021-04-30,0.028983488103795915,0.014500101532833026
AUT,2021-05-31,0.03594251541250315,0.09414373001187333
AUT,2021-06-30,-0.0012868683074830742,-0.011134568872509732
AUT,2021-07-31,0.008436566236334342,0.013784024840417785
AUT,2021-08-31,0.034055045077859024,0.03541536013395496
AUT,2021-09-30,0.0082182084524534,0.053591983900680144
AUT,2021-10-31,0.016226050438265457,0.027195821476925425
AUT,2021-11-30,-0.02292507251581397,0.0027425176474771794
AUT,2021-12-31,0.012272423432930597,0.051137947042168
AUT,2022-01-31,0.0066460624930617836,0.0037338421384275626
AUT,2022-02-28,-0.0625529869817282,-0.15352066839490736
AUT,2022-03-31,-0.016970235803145713,0.011633401286649163
AUT,2022-04-30,-0.0005609084902441772,-0.046287384282149326
AUT,2022-05-31,0.005065178016156393,0.014747742262694772
AUT,2022-06-30,-0.08259609273756342,-0.15452858817399706
AUT,2022-07-31,0.015491643807280372,0.03811310671136094
AUT,2022-08-31,-0.019052922226835283,-0.05682682940223293
AUT,2022-09-30,-0.07660152657246849,-0.05534064236111788
AUT,2022-10-31,0.04053769642643697,0.10075202687750183
AUT,2022-11-30,0.06878263078325218,0.14618386848855533
AUT,2022-12-31,-0.034472058250636796,-0.0221468609624913
AUT,2023-01-31,0.0844420557556628,0.12625406442362114
AUT,2023-02-28,0.028145477850285122,0.03577315400029549
AUT,2023-03-31,-0.05414705277642026,-0.11569297157117284
AUT,2023-04-30,0.009425381041034698,0.027710474435567945
AUT,2023-05-31,-0.012842435972544903,-0.03881221730772522
AUT,2023-06-30,0.014791292297985117,0.09497964548873099
AUT,2023-07-31,0.022689796966793338,0.06516887555882565
AUT,2023-08-31,-0.04973311857576024,-0.058398194773611176
AUT,2023-09-30,-0.03447145470607291,-0.024934972654272924
AUT,2023-10-31,-0.03777555832436524,0.009067331933691223
AUT,2023-11-30,0.02594130654790256,0.10423119558525376
AUT,2023-12-31,0.015744926808017274,0.02175751325985961
AUT,2024-01-31,0.0070891078161186396,0.02045211415813788
AUT,2024-02-29,-0.02825649212189341,0.013301569660184536
AUT,2024-03-31,0.009680142774281404,0.03779806698053402
AUT,2024-04-30,0.0017231364292918188,0.030026249515499374
AUT,2024-05-31,0.035275666315615406,0.021229222290570372
AUT,2024-06-30,-0.018571210234133446,0.00943002149093525
AUT,2024-07-31,-0.0004290550395659103,0.04385581698327522
AUT,2024-08-31,-0.025263949516028526,0.021838107598436185
AUT,2024-09-30,-0.019409500801277492,-0.07698060489369722
AUT,2024-10-31,-0.05675778934181174,-0.0030843628972427586
AUT,2024-11-30,-0.021154714657458638,0.018853515431957766
AUT,2024-12-31,0.05127304285272841,0.0985055011733402
BRA,2020-04-30,0.15126985409687296,0.17817875152306276
BRA,2020-05-31,0.032995702055776246,0.1062667705270046
BRA,2020-06-30,0.21899387465421377,0.14044127254552724
BRA,2020-07-31,0.05596972380732413,0.11311254066173493
BRA,2020-08-31,-0.008613652750043757,-0.01116070734134702
BRA,2020-09-30,-0.032725459304169646,-0.05174316476137093
BRA,2020-10-31,0.014031607722962058,-0.03777827064551755
BRA,2020-11-30,0.10717028881717633,0.17835988907151384
BRA,2020-12-31,0.08493751826729565,0.09336849350403803
BRA,2021-01-31,0.006376722801762625,-0.020199720663903922
BRA,2021-02-28,-0.024758651986887602,-0.035028607236772674
BRA,2021-03-31,0.042079374629602075,0.04246578741595154
BRA,2021-04-30,0.07464146689015694,0.050618373251913644
BRA,2021-05-31,0.04699611718096564,0.035865550337140346
BRA,2021-06-30,0.054743847190295535,0.02368387466057486
BRA,2021-07-31,-0.04799790349375201,-0.04257539611524886
BRA,2021-08-31,-0.05457182812624388,-0.04014541648735118
BRA,2021-09-30,-0.0670890750722118,-0.07574954380436026
BRA,2021-10-31,-0.09399238740114917,-0.08696793092816835
BRA,2021-11-30,-0.005793504425333792,-0.014028866436031651
BRA,2021-12-31,0.020854923933408178,0.01216927032398411
BRA,2022-01-31,0.01093529539515268,0.07640476944521844
BRA,2022-02-28,-0.03808644539641506,-0.003664341669292504
BRA,2022-03-31,0.054135282973970515,0.060317532700982245
BRA,2022-04-30,-0.07693358868536575,-0.10387261306958592
BRA,2022-05-31,-0.02378221885702351,0.004162031091495732
BRA,2022-06-30,-0.12230198048955025,-0.11497840909420208
BRA,2022-07-31,0.037325137112010284,0.0663665557229792
BRA,2022-08-31,0.05985559117791752,0.07575082712597031
BRA,2022-09-30,-0.004798516946977702,0.002210168122426425
BRA,2022-10-31,0.026524123575961654,0.051758494768991255
BRA,2022-11-30,-0.06610483514320899,-0.0600756056279424
BRA,2022-12-31,-0.026420678988733213,-0.037445619507832394
BRA,2023-01-31,0.028793934593112656,0.06466335618060846
BRA,2023-02-28,-0.02262753522863433,-0.03786682853286939
BRA,2023-03-31,0.06232085351020781,-0.030430253688285298
BRA,2023-04-30,0.03073729480704038,0.013179628222087894
BRA,2023-05-31,0.08659576474588634,0.08866491581313829
BRA,2023-06-30,0.11157375320312067,0.09885745510722796
BRA,2023-07-31,0.04694886944475156,0.036639205882674726
BRA,2023-08-31,-0.040411897879904186,-0.06566110795265878
BRA,2023-09-30,-0.01635266725435162,-0.0007035970142107263
BRA,2023-10-31,-0.05939595026452075,-0.04222763267397812
BRA,2023-11-30,0.08806324480565532,0.13469526384384034
BRA,2023-12-31,0.05032839836100768,0.05374111028698773
BRA,2024-01-31,-0.0318609630447969,-0.04936542430338861
BRA,2024-02-29,0.009141881053802729,0.008462720311677727
BRA,2024-03-31,0.015655102969745382,-0.0014375939674168012
BRA,2024-04-30,-0.04188226416976465,-0.032766436008390104
BRA,2024-05-31,0.002319702952702583,-0.04135109936066088
BRA,2024-06-30,-0.02028028715135973,0.00889714144807389
BRA,2024-07-31,0.04814351154470109,0.09701096347141437
BRA,2024-08-31,0.05912925516506879,0.08525620875631434
BRA,2024-09-30,-0.030320304416537422,-0.026725307250116154
BRA,2024-10-31,-0.00033262199524725696,-0.01833068253666253
BRA,2024-11-30,-0.011307624630848726,-0.028787098552857684
BRA,2024-12-31,-0.06128819890734937,-0.06488501516987182
BRB,2020-04-30,0.022132114798781483,0.08747380906522827
BRB,2020-05-31,0.01966413595897561,0.050457464357577544
BRB,2020-06-30,-0.018937499999999996,-0.0028638991886399848
BRB,2020-07-31,0.00479619060814418,-0.007617576388477295
BRB,2020-08-31,-0.032738082898331994,-0.056765156119775825
BRB,2020-09-30,0.02035714285714285,0.006943545919296739
BRB,2020-10-31,-0.0014144271570014262,-0.0012168260537363384
>>>>>>> Stashed changes
BRB,2020-11-30,0.030473484848484816,-0.02065054798564413
BRB,2020-12-31,-0.3672294815418307,-0.019768943838539617
BRB,2021-01-31,0.022419786096256684,0.007105837765825531
BRB,2021-02-28,0.02712863788813154,-0.03928750865804024
BRB,2021-03-31,0.019091827712517346,0.0088093498726712
BRB,2021-04-30,-0.0468208290510449,-0.08423571158999356
BRB,2021-05-31,-0.02311698717948718,-0.03864955979716764
BRB,2021-06-30,-0.3942671303402445,-0.004571132324381224
BRB,2021-07-31,-0.025940432307522892,-0.10040420330193979
BRB,2021-08-31,-0.33583333333333326,0.01961739103910544
BRB,2021-09-30,0.039135996456189336,-0.01791637136247356
BRB,2021-10-31,-0.01857607101377412,-0.040059825687263344
BRB,2021-11-30,0.03364738854642627,-0.10907172884675105
BRB,2021-12-31,0.02842123573164716,0.034560494642926036
BRB,2022-01-31,-0.0306798418972332,-0.0007225132136488513
BRB,2022-02-28,-0.0461259666901932,-0.03203691133837663
BRB,2022-03-31,0.008434231666447634,-0.014596208574767976
<<<<<<< Updated upstream
BRB,2022-04-30,-0.19975033674823284,0.04215411792006496
BRB,2022-05-31,-0.40457848619875003,-0.06674927701915961
BRB,2022-06-30,-0.2982204337133915,-0.012448585639868143
BRB,2022-07-31,-0.3249019607843137,0.009996678099722453
BRB,2022-08-31,-0.277637232763524,-0.0055769586390609985
BRB,2022-09-30,-0.30703976185754184,0.01598449988667419
BRB,2022-10-31,-0.33907210114261527,-0.017929936237435048
BRB,2022-11-30,-0.24651111606017917,0.021216432821496142
BRB,2022-12-31,-0.2889465134047446,0.06318307122627878
BRB,2023-01-31,-0.08120060644672591,0.10725556228142843
BRB,2023-02-28,-0.28721672377112395,0.016427437936769564
BRB,2023-03-31,-0.22728495110235067,0.15192795634834558
BRB,2023-04-30,-0.41663644835344904,0.007370625202730627
BRB,2023-05-31,-0.2788404923092886,-0.021142118936962735
BRB,2023-06-30,-0.35446838958437693,-0.00837078677955503
BRB,2023-07-31,-0.32185639220661927,-0.0014492576609468624
BRB,2023-08-31,-0.3520643980454956,-0.019829959225992164
BRB,2023-09-30,-0.27772016319001863,-0.0005097996767129354
BRB,2023-10-31,-0.40120519273699323,-0.03508247269935358
BRB,2023-11-30,-0.33388728714897603,0.019960010626487324
BRB,2023-12-31,-0.27985251132165456,0.005928273043307611
BRB,2024-01-31,-0.3287360781977074,0.001057052033956535
BRB,2024-02-29,-0.3302772825125137,-0.0015179924025138368
BRB,2024-03-31,-0.34945323331352746,0.0013682662531891063
BRB,2024-04-30,-0.3574895169710169,-0.014393512076214691
BRB,2024-05-31,-0.3090911931005363,-0.002909709021916081
BRB,2024-06-30,-0.381425942619472,-0.005155450208713688
BRB,2024-07-31,-0.33308501512483635,-0.006243988665777992
BRB,2024-08-31,-0.49336553984049347,0.005760203132593164
BRB,2024-09-30,-0.4887201004611331,0.013471798819589225
BRB,2024-10-31,-0.49187793040293043,0.007128890686524365
BRB,2024-11-30,-0.21295026974028772,0.1303852780863202
BRB,2024-12-31,-0.3868112725316115,0.012343623412039515
DEU,2020-03-31,-0.026924091824898043,-0.19465093269621792
DEU,2020-04-30,0.04380990770548292,-0.15416974795607866
DEU,2020-05-31,0.011992634871363443,-0.15569035132785805
DEU,2020-06-30,-0.00309070779497038,-0.13582997996182777
DEU,2020-07-31,-0.016368025712956702,-0.12253775986398864
DEU,2020-08-31,0.007992523277111916,-0.07214955218971911
DEU,2020-09-30,-0.02380109972351423,-0.11849619540001123
DEU,2020-10-31,-0.035548258669874135,-0.14425935075585303
DEU,2020-11-30,0.058467351532601436,-0.007317975739410348
DEU,2020-12-31,0.003186445018476365,-0.08286895050191836
DEU,2021-01-31,0.008130454735994413,-0.1047445165142992
DEU,2021-02-28,-0.00272712395301345,-0.13395461405981063
DEU,2021-03-31,-0.010767216609496711,-0.12539532955592905
DEU,2021-04-30,-0.01329047905161418,-0.12007795806149246
DEU,2021-05-31,-0.012505395848742978,-0.11594951042381793
DEU,2021-06-30,-0.0017179262976560084,-0.11610893137024748
DEU,2021-07-31,-0.01900981210096397,-0.0861728743986689
DEU,2021-08-31,0.001382612891414293,-0.08122170054513358
DEU,2021-09-30,-0.030558242655472717,-0.12011566234891474
DEU,2021-10-31,-0.019975577542906246,-0.05460360986406787
DEU,2021-11-30,-0.03641966111471349,-0.11456408877506782
DEU,2021-12-31,-0.01223122481466961,-0.07043451383406941
DEU,2022-01-31,-0.03139064169448039,-0.07258130991834952
DEU,2022-02-28,-0.03992586363949378,-0.14389014224986976
DEU,2022-03-31,-0.015193462579938054,-0.11193857701671778
DEU,2022-04-30,-0.03125018310379807,-0.13065348196214577
DEU,2022-05-31,-0.03229569687338655,-0.13950289832084783
DEU,2022-06-30,-0.06622042126028468,-0.19229420912025347
DEU,2022-07-31,-0.013307921835949811,-0.04305854739225565
DEU,2022-08-31,-0.032682609130930164,-0.09571650213975617
DEU,2022-09-30,-0.07706324528664463,-0.1184750828624649
DEU,2022-10-31,-0.00026748121307714406,-0.021546112098208437
DEU,2022-11-30,0.007825953801192387,0.007542762020150248
DEU,2022-12-31,-0.037575555903969854,-0.1909805122866356
DEU,2023-01-31,0.018759607465299557,-0.056438427060612785
DEU,2023-02-28,-0.027048100502466782,-0.22259196316567723
DEU,2023-03-31,-0.037381903344269135,-0.17544964125582024
DEU,2023-04-30,-0.026202510562686087,-0.15202804302167755
DEU,2023-05-31,-0.03672129138423447,-0.2053923446752393
DEU,2023-06-30,-0.022057971613820306,-0.14546709667603958
DEU,2023-07-31,-0.027255094986042297,-0.18812593101625966
DEU,2023-08-31,-0.051666219391574585,-0.21357107572783435
DEU,2023-09-30,-0.04216548235037968,-0.18326047770551218
DEU,2023-10-31,-0.06287908839328989,-0.1857265151776637
DEU,2023-11-30,-0.012236011502463392,-0.13038184544422524
DEU,2023-12-31,-0.010734214881602666,-0.19992052642066171
DEU,2024-01-31,-0.03181057894392081,-0.14046444288550164
DEU,2024-02-29,-0.03397804369199689,-0.13688630712481117
DEU,2024-03-31,-0.013845740723917865,-0.18677720618793828
DEU,2024-04-30,-0.019506759932933555,-0.23892688874616153
DEU,2024-05-31,-0.014618223732770668,-0.2060891332907657
DEU,2024-06-30,-0.04517655049017117,-0.2898898273051785
DEU,2024-07-31,-0.03306356805231962,-0.25211024058569875
DEU,2024-08-31,-0.03497828510298207,-0.24336297068438395
DEU,2024-09-30,-0.02408080929619972,-0.26423543989545323
DEU,2024-10-31,-0.03647383830612489,-0.24820990182567917
DEU,2024-11-30,-0.03379569033996433,-0.19225354695328908
DEU,2024-12-31,-0.02875505692676421,-0.15938660423558315
FIN,2020-03-31,-0.060729860848912666,-0.12198035030534134
FIN,2020-04-30,0.010697158899602629,-0.027787833751784383
FIN,2020-05-31,-0.021893633116126444,0.15752240722880073
FIN,2020-06-30,-0.035188756957187914,-0.09695006940631444
FIN,2020-07-31,-0.02294318658480291,-0.08110498006715294
FIN,2020-08-31,-0.018596979647150725,0.1294452683179062
FIN,2020-09-30,-0.042440359800904624,-0.0793694002034721
FIN,2020-10-31,-0.0481107192790028,-0.08389323731280304
FIN,2020-11-30,0.012555181229432512,0.30091402072285384
FIN,2020-12-31,0.011802594456869568,-0.014192515010608621
FIN,2021-01-31,-0.02410912920030727,0.1426927820059617
FIN,2021-02-28,-0.02428317169002923,-0.08985516091840935
FIN,2021-03-31,-0.027484186727134343,-0.020746043423332045
FIN,2021-04-30,0.0023248596194826096,-0.005720186626993346
FIN,2021-05-31,-0.04474895279484856,-0.056950611327416314
FIN,2021-06-30,-0.039340492653828295,-0.05534867424605087
FIN,2021-07-31,-0.021464035780431538,0.2001206033292368
FIN,2021-08-31,-0.025562598048745135,-0.033920494794980785
FIN,2021-09-30,-0.07449981882751282,-0.2062609541744559
FIN,2021-10-31,-0.02023603244953718,-0.08374022090291365
FIN,2021-11-30,-0.061005224070332625,-0.1364821462852895
FIN,2021-12-31,-0.022344514603869756,-0.03884265395482179
FIN,2022-01-31,-0.0676945307076726,-0.1339964494588888
FIN,2022-02-28,-0.08587970221237338,-0.18626457810136826
FIN,2022-03-31,-0.040474859661203066,-0.11166108280950396
FIN,2022-04-30,-0.06373713127812591,-0.1204043871427082
FIN,2022-05-31,-0.055939955405912956,-0.1270662259944026
FIN,2022-06-30,-0.07810195672662792,-0.1759221304610076
FIN,2022-07-31,-0.025471187262901915,-0.07481832393463116
FIN,2022-08-31,-0.059442704810530364,0.11663602996265933
FIN,2022-09-30,-0.10800359133637584,-0.18710351035964629
FIN,2022-10-31,-0.01596569217362034,-0.07033537069169574
FIN,2022-11-30,-0.006705914244367747,-0.05477912044017972
FIN,2022-12-31,-0.04451636440957584,-0.12426239445945154
FIN,2023-01-31,0.004289279383364591,-0.08567325839866216
FIN,2023-02-28,-0.0282058048201081,-0.10038503369230047
FIN,2023-03-31,-0.0539883121224087,-0.1605766327668045
FIN,2023-04-30,-0.026455118436006248,-0.09815889340615515
FIN,2023-05-31,-0.05717084768209012,-0.16503393366174945
FIN,2023-06-30,-0.044115990521547126,-0.12440425412433787
FIN,2023-07-31,-0.04001901571769714,-0.12859424005626754
FIN,2023-08-31,-0.05220255678577697,-0.12909348808878807
FIN,2023-09-30,-0.05288628975579639,0.202714202943433
FIN,2023-10-31,-0.07954235172135662,-0.1713879354900087
FIN,2023-11-30,-0.008678131216589589,-0.17089485662581239
FIN,2023-12-31,-0.025005376674019298,0.25694142280598053
FIN,2024-01-31,-0.01883384139555201,-0.17298633383037465
FIN,2024-02-29,-0.05004132477671263,-0.15417580132926173
FIN,2024-03-31,-0.025244789249900503,-0.1606448507229072
FIN,2024-04-30,-0.02599328949458777,-0.1325705641794612
FIN,2024-05-31,-0.005079464935621652,-0.10930481486749877
FIN,2024-06-30,-0.046928995437835984,-0.18094413400854803
FIN,2024-07-31,-0.027925307536995462,-0.15051474106778148
FIN,2024-08-31,-0.02489354419616103,-0.11178476866085744
FIN,2024-09-30,-0.030190735842021466,-0.12487038873805732
FIN,2024-10-31,-0.05654772125908449,-0.17553305222763974
FIN,2024-11-30,-0.05268681029424694,-0.18872291994131302
FIN,2024-12-31,-0.03938556830003205,-0.19540954863548948
FRA,2020-03-31,-0.02361061608638499,0.0025997843474247504
FRA,2020-04-30,0.04363478460372784,-0.05216724761044286
FRA,2020-05-31,0.002385482390252569,-0.06003142527132178
FRA,2020-06-30,0.00528887589376012,-0.035026593252397355
FRA,2020-07-31,-0.012295070905509773,-0.07839978821466348
FRA,2020-08-31,0.005573795999866232,-0.03328432386629542
FRA,2020-09-30,-0.027238455696337927,-0.06637664217893652
FRA,2020-10-31,-0.028994516129778856,-0.05902524951690098
FRA,2020-11-30,0.09215129865905963,0.12145977235385202
FRA,2020-12-31,0.02153721225804421,-0.02374126419173313
FRA,2021-01-31,-0.002153811801034004,-0.05357734348146038
FRA,2021-02-28,0.019661994165559735,-0.006557589962185782
FRA,2021-03-31,0.004705772705227458,0.004434890562852531
FRA,2021-04-30,-0.001443557440811032,-0.033603285014449896
FRA,2021-05-31,-0.017907795133041,-0.0332808526489213
FRA,2021-06-30,-0.021751351918942705,-0.03336269230416909
FRA,2021-07-31,-0.01740018955828799,-0.03158578735235323
FRA,2021-08-31,0.005664158844708981,-0.021652544343978637
FRA,2021-09-30,-0.017185581275176668,-0.06907634602755797
FRA,2021-10-31,-0.010893055289795112,-0.0014910753351836702
FRA,2021-11-30,-0.028978184898929917,-0.033055901049013056
FRA,2021-12-31,-0.0026121703407820077,0.0017739707293696527
FRA,2022-01-31,-0.022074466939145547,-0.03541852283364728
FRA,2022-02-28,-0.04323737049922886,-0.05665553505842008
FRA,2022-03-31,0.0038571943562139468,-0.02545355673393358
FRA,2022-04-30,-0.028050076974421436,-0.03395963374979176
FRA,2022-05-31,-0.019177367139189255,-0.025894822924609092
FRA,2022-06-30,-0.05632242225340808,-0.12173675903722263
FRA,2022-07-31,-0.0007866736476176016,-0.014050221919179038
FRA,2022-08-31,-0.0133606863396803,-0.08488975378696154
FRA,2022-09-30,-0.08236617352569965,-0.13267206289784264
FRA,2022-10-31,0.0019781177913425914,0.011994405430023867
FRA,2022-11-30,-0.009836477009975314,-0.009110399951123513
FRA,2022-12-31,-0.019443518113279105,-0.07074345294874482
FRA,2023-01-31,0.014648806435312587,0.01610006998505094
FRA,2023-02-28,-0.012318072919636892,-0.02118660929940129
FRA,2023-03-31,-0.04397055541086869,-0.0718743330793066
FRA,2023-04-30,-0.022336873244654127,-0.012215489895600826
FRA,2023-05-31,-0.018299149459802638,-0.0985113745162072
FRA,2023-06-30,-0.011407454375132372,-0.04966383620994399
FRA,2023-07-31,-0.010338684551817799,-0.029220043002809556
FRA,2023-08-31,-0.025562593686532548,-0.023841453375486613
FRA,2023-09-30,-0.057282519451509424,-0.04348819616957662
FRA,2023-10-31,-0.06412770189246338,-0.0742981373002653
FRA,2023-11-30,0.00838763750769975,0.017526350170355472
FRA,2023-12-31,0.0015476339124926857,-0.016545698583182705
FRA,2024-01-31,-0.010461406168841055,-0.03785756456367335
FRA,2024-02-29,-0.03327708084639925,-0.013867878662275145
FRA,2024-03-31,-0.015034510791427582,0.012019281615769664
FRA,2024-04-30,-0.009940442999087924,-0.03081720450694374
FRA,2024-05-31,0.013709514213753703,-0.04130263466893687
FRA,2024-06-30,-0.06785769709243963,-0.08873249495003807
FRA,2024-07-31,0.007087386518871897,0.0019705394152041856
FRA,2024-08-31,-0.009919955719870909,-0.009195270388484748
FRA,2024-09-30,-0.021448526060377945,-0.011098905431988049
FRA,2024-10-31,-0.022434362309385766,-0.05565561786798991
FRA,2024-11-30,-0.03091962872343453,-0.022921078938031737
FRA,2024-12-31,-0.003966883434194315,0.000764765478595389
GBR,2020-03-31,-0.022562370572514687,-0.03135959090593245
GBR,2020-04-30,0.08596657913052193,-0.0657621780749868
GBR,2020-05-31,0.01245380676088863,-0.11434358492189596
GBR,2020-06-30,-0.004288069270867952,-0.1427957887457265
GBR,2020-07-31,-0.008639356680357094,-0.14172514600883
GBR,2020-08-31,0.027974188207408903,-0.10931373885892227
GBR,2020-09-30,-0.029636828109053225,-0.1261940279196677
GBR,2020-10-31,-0.016443407157712094,-0.10988074107353024
GBR,2020-11-30,0.06897235994238445,-0.027534033631013956
GBR,2020-12-31,0.03294579310350947,-0.099582524339204
GBR,2021-01-31,0.0050808812636531225,-0.114211368408868
GBR,2021-02-28,0.01952321100641008,-0.10466242376434147
GBR,2021-03-31,0.0048492883288742865,-0.10607621641886696
GBR,2021-04-30,0.027535940639698334,-0.04654884532677292
GBR,2021-05-31,-0.012823601487176204,-0.15094771584310335
GBR,2021-06-30,-0.019520071444955208,-0.14080697369942902
GBR,2021-07-31,-0.022885629399310922,-0.1101373455093706
GBR,2021-08-31,-0.0029308111875362974,-0.1368801365606648
GBR,2021-09-30,-0.029124805004820647,-0.1434276863256345
GBR,2021-10-31,-0.023363485022338985,-0.1090317635075573
GBR,2021-11-30,-0.04305415677548311,-0.1864730546798212
GBR,2021-12-31,-0.004206341884924175,-0.10368496691024714
GBR,2022-01-31,-0.04343887416016368,-0.16991438252448285
GBR,2022-02-28,-0.05116490045135727,-0.17998906844531207
GBR,2022-03-31,-0.027654855479255454,-0.12246808044966419
GBR,2022-04-30,-0.017091091381804632,-0.150118226913369
GBR,2022-05-31,-0.04531426615544133,-0.15585688471435963
GBR,2022-06-30,-0.0760698122115107,-0.19229420920363843
GBR,2022-07-31,0.004458543023230946,-0.0728122922035433
GBR,2022-08-31,-0.0358625411007034,-0.10939448727616398
GBR,2022-09-30,-0.08226141697695745,-0.12241218932936235
GBR,2022-10-31,-0.011191713390730378,-0.0577625226275458
GBR,2022-11-30,0.012460029111661679,-0.0315936245319299
GBR,2022-12-31,-0.03836630936068168,-0.11116229276448922
GBR,2023-01-31,0.006339022032652475,-0.06292987354154173
GBR,2023-02-28,-0.021485291932809257,-0.061661604871072556
GBR,2023-03-31,-0.05934705429220616,-0.13072705005861893
GBR,2023-04-30,-0.0034353740898209056,-0.10222972587160255
GBR,2023-05-31,-0.03865087902944996,-0.11888809561866014
GBR,2023-06-30,-0.03921140187620398,-0.10925267745140023
GBR,2023-07-31,-0.00564806582641862,-0.06099939841228201
GBR,2023-08-31,-0.03561941767051932,-0.11226965585259054
GBR,2023-09-30,-0.03246159652625426,-0.11798629422873765
GBR,2023-10-31,-0.0624250524914295,-0.16007778255251182
GBR,2023-11-30,0.0015162264188237958,-0.0841340301462246
GBR,2023-12-31,0.015489631096664055,-0.07108382846855532
GBR,2024-01-31,-0.024856463714622114,-0.09831882953191644
GBR,2024-02-29,-0.03395764434350176,-0.1309940153571892
GBR,2024-03-31,-0.023701812049691358,-0.1260469120799489
GBR,2024-04-30,-0.00789690661986157,-0.151913199374945
GBR,2024-05-31,-0.001986495848338035,-0.1468977458526862
GBR,2024-06-30,-0.03559347613232841,-0.10727179804507576
GBR,2024-07-31,-0.004486367134991752,-0.06507098415298297
GBR,2024-08-31,-0.026503874932739833,-0.10300483124777565
GBR,2024-09-30,-0.04564143770209067,-0.1501414417548024
GBR,2024-10-31,-0.04322269349903329,-0.1606231770198212
GBR,2024-11-30,-0.01679486958445778,-0.13898620614423046
GBR,2024-12-31,-0.02095575733446902,-0.14694871016527022
IND,2020-03-31,-0.3968749345726948,-0.5902362749650452
IND,2020-04-30,0.13824579206981658,0.18322762720477884
IND,2020-05-31,-0.013993738750989564,-0.014427001241627201
IND,2020-06-30,0.17437775614787698,0.163897184401858
IND,2020-07-31,0.0019012116882815698,0.0875764975540474
IND,2020-08-31,0.10498984889427548,0.12767080907012276
IND,2020-09-30,-0.004719157985669321,0.07619016342187998
IND,2020-10-31,0.002148563553720602,0.06763856835961952
IND,2020-11-30,0.07805021162195834,0.21419382336368986
IND,2020-12-31,0.12678057988741478,0.13248240261875185
IND,2021-01-31,0.029882566866489043,0.03949969826586171
IND,2021-02-28,0.05324545372660848,0.14921721136056743
IND,2021-03-31,-0.005883909137827077,0.041264743230740926
IND,2021-04-30,0.050478906214906215,0.09675827890206613
IND,2021-05-31,0.13421678482718102,0.11471370047361222
IND,2021-06-30,0.13416311164600705,0.07221505458155797
IND,2021-07-31,0.09831948220594187,0.0968318633747966
IND,2021-08-31,-0.038527359966224785,0.056038947876166534
IND,2021-09-30,0.04673353320090895,0.10667035046281206
IND,2021-10-31,0.02461888122451796,0.03717606939888922
IND,2021-11-30,0.025053575242447574,0.028121737258927373
IND,2021-12-31,0.135677269745465,0.07896420127369205
IND,2022-01-31,0.05928218186794267,0.022939758262140095
IND,2022-02-28,-0.08277536867245854,-0.020313151235342126
IND,2022-03-31,0.024900719042421856,0.06808210518470478
IND,2022-04-30,0.07079918078080343,0.05024292890978263
IND,2022-05-31,-0.0783125067244891,-0.053201583076432586
IND,2022-06-30,-0.04024157511584034,-0.04229844342043029
IND,2022-07-31,0.05690547104806638,0.11085747652728326
IND,2022-08-31,0.06973754748349029,0.07656784972526834
IND,2022-09-30,0.0230880311684043,0.01056758483379907
IND,2022-10-31,0.018530421777430327,0.04692384253991888
IND,2022-11-30,0.023105086959643088,0.07671004966630897
IND,2022-12-31,0.010542552220597726,0.027257619311492117
IND,2023-01-31,0.0020419525323020736,-0.025766616308217104
IND,2023-02-28,-0.06389203061693656,-0.03260653026748335
IND,2023-03-31,-0.04031175377329977,0.032871339262442345
IND,2023-04-30,0.10646782773543097,0.0799974920256652
IND,2023-05-31,0.028771129301954797,0.06611336450438503
IND,2023-06-30,0.057003244726490335,0.08531338831836562
IND,2023-07-31,0.03670806917917373,0.07901665367794244
IND,2023-08-31,0.06583691300270897,0.06953972673426088
IND,2023-09-30,0.03727048855336885,0.08487029853104176
IND,2023-10-31,0.018993620188813568,0.009777992107764177
IND,2023-11-30,0.0786188779982611,0.1348085229916121
IND,2023-12-31,0.0693892751814285,0.13481188198806235
IND,2024-01-31,0.1119020441296328,0.14443339896120735
IND,2024-02-29,0.0072419491225467186,0.04073235997334896
IND,2024-03-31,-0.08078560124341114,0.022948268339506837
IND,2024-04-30,0.11929591682869942,0.11362822970283326
IND,2024-05-31,-0.015272120265719,0.06324998149341979
IND,2024-06-30,0.08155172994521816,0.1034754866423104
IND,2024-07-31,0.07064806490653198,0.10331324071917898
IND,2024-08-31,0.034887389654097094,0.036952054610801054
IND,2024-09-30,0.021581550777084367,0.04483084048880557
IND,2024-10-31,-0.018459227365908312,-0.05386155262655911
IND,2024-11-30,0.010406275271164495,0.02378269424341206
IND,2024-12-31,0.024806031841721487,0.029419713187050205
JPN,2020-03-31,-0.9269125043322867,-0.05525099803700531
JPN,2020-04-30,0.07321257196512446,0.09087603449767517
JPN,2020-05-31,0.08886620525430297,0.11754649526906208
JPN,2020-06-30,-0.005697639716683473,0.04209848303791412
JPN,2020-07-31,-0.06772325880756343,-0.013415313374331122
JPN,2020-08-31,0.0756682055504367,0.13078953096002596
JPN,2020-09-30,0.035568463072036476,0.033081986668390906
JPN,2020-10-31,-0.05553112635832918,-0.006567104762657215
JPN,2020-11-30,0.03539343565966271,0.12752740518696093
JPN,2020-12-31,-0.00431317933080515,0.046841377417600284
JPN,2021-01-31,-0.003087808250083879,0.03334826620702733
JPN,2021-02-28,0.01109249294660522,0.06881145403463382
JPN,2021-03-31,0.028814630419919135,0.044687019604032964
JPN,2021-04-30,-0.04536638005822719,-0.0018265631390370076
JPN,2021-05-31,-0.01464169392852911,0.012930286225396643
JPN,2021-06-30,0.004076231948491311,0.03099315821113108
JPN,2021-07-31,-0.03453802491193501,-0.014219383561541316
JPN,2021-08-31,-0.0020055322243337542,0.08108715300821828
JPN,2021-09-30,0.006641859511430164,0.041418999576211125
JPN,2021-10-31,-0.03985621707736073,-0.020154197411487666
JPN,2021-11-30,-0.0715972550542161,-0.012849394016131973
JPN,2021-12-31,-0.001048266594097985,0.04670996418541956
JPN,2022-01-31,-0.08655330538846753,-0.06529885161127073
JPN,2022-02-28,-0.007515183748847533,0.013431378088769262
JPN,2022-03-31,0.011676402018517735,0.056075533952314224
JPN,2022-04-30,-0.0467057722090799,-0.048179758545415965
JPN,2022-05-31,-0.004811557717595413,0.03722619748829341
JPN,2022-06-30,-0.015839007195201264,-0.01774678874805179
JPN,2022-07-31,0.014529169811528906,0.057811859690647595
JPN,2022-08-31,0.00565418836668895,0.03875281985074049
JPN,2022-09-30,-0.056414624717945866,-0.0724726150338404
JPN,2022-10-31,0.01128314930306632,0.07323358256281125
JPN,2022-11-30,0.01562659084526362,0.06457505278243002
JPN,2022-12-31,-0.04995596593398861,-0.04170724582172235
JPN,2023-01-31,0.015680080580131144,0.074940257092697
JPN,2023-02-28,0.004953930543674302,0.0242919739900797
JPN,2023-03-31,-0.016321030733337412,0.0014516190905148661
JPN,2023-04-30,-0.004717431785148584,-0.0176314711477114
JPN,2023-05-31,-0.02016660393645556,0.08028025656363551
JPN,2023-06-30,0.04179030912642363,0.09824741378149186
JPN,2023-07-31,-0.006060846718841252,0.01068354333157004
JPN,2023-08-31,-0.012946439219153873,0.024006998916181018
JPN,2023-09-30,-0.013937922470113514,-0.002293301227192566
JPN,2023-10-31,-0.06420489981884274,-0.044185282111427346
JPN,2023-11-30,0.01716435061289269,0.11402243712470538
JPN,2023-12-31,-0.01887257989619405,0.02928323906136571
JPN,2024-01-31,0.025591635744997183,0.06402123062010585
JPN,2024-02-29,0.0018424200486971088,0.09716015216984945
JPN,2024-03-31,0.005467310104782619,0.07054946304851388
JPN,2024-04-30,-0.05582470653066306,-0.06665770214090842
JPN,2024-05-31,-0.02801429618656168,0.045120415046854
JPN,2024-06-30,0.010929363017931754,0.0293444645884117
JPN,2024-07-31,-0.02666560703726899,-0.05025669181073992
JPN,2024-08-31,-0.049608852916232814,-0.021488968161060263
JPN,2024-09-30,-0.03693820781536031,-0.02302161737898721
JPN,2024-10-31,-0.04114844550457761,0.016555545745223197
JPN,2024-11-30,-0.019218629175527222,-0.006026341235282381
JPN,2024-12-31,-0.009229595711969086,0.06625956539790542
=======
BRB,2022-04-30,0.0632072259459228,0.04216298615310143
BRB,2022-05-31,-0.08803149602666999,-0.06955585738156078
BRB,2022-06-30,0.07162464985994393,0.0035342146988105536
BRB,2022-07-31,-0.06246223719126351,0.006655960010463771
BRB,2022-08-31,7.524284817148064e-05,-0.005179797188083512
BRB,2022-09-30,-0.008924461067207817,0.015849569720964993
BRB,2022-10-31,-0.11561508776172338,-0.019418095615978417
BRB,2022-11-30,0.04824487251441534,0.023986312589986014
BRB,2022-12-31,0.05265602978424391,0.05271836994443692
BRB,2023-01-31,0.03095108566402611,0.09262102621837447
BRB,2023-02-28,0.02832430207426123,0.006134693169598501
BRB,2023-03-31,0.07582156436627455,0.13340874955249257
BRB,2023-04-30,-0.09240061959239895,0.00950345714785963
BRB,2023-05-31,0.02171072518269046,-0.020174997544054087
BRB,2023-06-30,-0.03079430346008641,-0.03333805644597729
BRB,2023-07-31,0.06527185377115616,0.07625451920104492
BRB,2023-08-31,-0.02141777678470086,0.028266572776870738
BRB,2023-09-30,0.04473246653456375,0.0016470889595205035
BRB,2023-10-31,-0.0694368931180247,-0.05130270220606652
BRB,2023-11-30,0.06254525713794284,0.0440890850841757
BRB,2023-12-31,0.032818203541458923,0.005287820531818954
BRB,2024-01-31,0.018644484856158605,0.0014183377588223192
BRB,2024-02-29,0.032823325819903465,0.0436317814366963
BRB,2024-03-31,-0.0555792297979798,-0.005484039566029342
BRB,2024-04-30,0.016668794747643323,-0.010230843444545931
BRB,2024-05-31,0.016576173023845064,-0.002609990879208114
BRB,2024-06-30,-0.03872581996830235,-0.01974017617660024
BRB,2024-07-31,0.06925317814604179,0.013219105521208039
BRB,2024-08-31,-0.020308256814074072,-0.0001030898668223072
BRB,2024-09-30,-0.03014803835456011,-0.014312041284983873
BRB,2024-10-31,-0.03549783549783551,0.006752407676278826
BRB,2024-11-30,0.04571072601322285,0.12683864614044307
BRB,2024-12-31,-0.06730105061527744,-0.13728126335892957
DEU,2020-04-30,0.1255199986076051,0.10464462043470417
DEU,2020-05-31,0.07438669020248784,0.059485193707130714
DEU,2020-06-30,0.0345734128519132,0.0533083712179006
DEU,2020-07-31,0.014136149595638883,-0.00852888630037385
DEU,2020-08-31,0.07293918914721224,0.0600913132326007
DEU,2020-09-30,0.010022203107899206,-0.013104520504628125
DEU,2020-10-31,-0.0010644273770077169,-0.08890866087121344
DEU,2020-11-30,0.19991398479217998,0.17487297809246002
DEU,2020-12-31,0.08328535701085271,0.05470646900258193
DEU,2021-01-31,0.09378755885003937,0.006503909598119028
DEU,2021-02-28,0.05649205668339573,0.03144079511163217
DEU,2021-03-31,0.07638640132571999,0.09856643200733067
DEU,2021-04-30,0.028703619932376974,0.011017358970105778
DEU,2021-05-31,0.027899111136044274,0.01610467724103986
DEU,2021-06-30,0.04647605341434408,0.01021820606540418
DEU,2021-07-31,0.011232368905312609,-0.0017740672943532502
DEU,2021-08-31,0.026837888403239044,0.015003539079069225
DEU,2021-09-30,-0.01888684572246247,-0.03272269310864502
DEU,2021-10-31,0.0034312234888501485,0.016112759852885104
DEU,2021-11-30,-0.014894937226603734,-0.03235573458632322
DEU,2021-12-31,0.011207572525046894,0.025616915818198794
DEU,2022-01-31,-0.033580699848460585,-0.014728319262159425
DEU,2022-02-28,0.04209564474411361,-0.05356663769480123
DEU,2022-03-31,-0.006093736046055939,-0.00948381325459813
DEU,2022-04-30,-0.024055001874937983,-0.03116267429395609
DEU,2022-05-31,-0.02375012211903638,0.0015066415064058395
DEU,2022-06-30,-0.09755599288495573,-0.11988256892290759
DEU,2022-07-31,0.22029740216245855,0.052953782212941045
DEU,2022-08-31,0.1526841173668665,-0.04878986533566255
DEU,2022-09-30,-0.09898323898391652,-0.04582979183930172
DEU,2022-10-31,0.045348028113324466,0.09547430693658361
DEU,2022-11-30,0.09638149421436973,0.10470710933383791
DEU,2022-12-31,-0.020407345384368124,-0.0309624040839156
DEU,2023-01-31,0.1124741363721145,0.11758420255846773
DEU,2023-02-28,0.03460719958993828,0.032690495688115356
DEU,2023-03-31,-0.009882836877881886,-0.0008523899859110931
DEU,2023-04-30,0.01122232906983608,0.01264700872662301
DEU,2023-05-31,-0.0193807933602224,-0.03600002873804908
DEU,2023-06-30,0.017268846890658236,0.03336847768297418
DEU,2023-07-31,0.026860958907619355,0.03266440286988249
DEU,2023-08-31,-0.035097291141151586,-0.03669943855331249
DEU,2023-09-30,-0.030836304052660454,-0.033259728417642624
DEU,2023-10-31,-0.047109274050509985,-0.05084944370125682
DEU,2023-11-30,0.03362887423992834,0.10056025474742805
DEU,2023-12-31,0.1149148470824024,0.04605545809839476
DEU,2024-01-31,0.04313718075455768,-0.0036753248505127733
DEU,2024-02-29,-0.004148679920389178,0.05160504992231738
DEU,2024-03-31,0.02967187870749637,0.06336467928012778
DEU,2024-04-30,0.15625551178126088,-0.022128254466401143
DEU,2024-05-31,0.05669857830746605,0.021053251058685662
DEU,2024-06-30,-0.03404860550130914,-0.02255133330542556
DEU,2024-07-31,0.05952570200456455,0.014173591145304408
DEU,2024-08-31,0.005393454505030975,0.018600490929348682
DEU,2024-09-30,0.020729751228937977,0.0384226105893516
DEU,2024-10-31,0.04263928043014794,-0.016724754019835388
DEU,2024-11-30,0.002606749509345293,0.03950249413286899
DEU,2024-12-31,-0.0024075371568106616,0.016610877443418725
FIN,2020-04-30,0.1263471741978033,0.11558596058525089
FIN,2020-05-31,0.8220343680399431,0.07905888688879782
FIN,2020-06-30,0.006110587010649274,0.005456817536338561
FIN,2020-07-31,0.03163130917858732,0.02354757998705454
FIN,2020-08-31,0.060512405185069604,0.0532930201283308
FIN,2020-09-30,-0.00338015155838563,-0.01211965686514028
FIN,2020-10-31,-0.01634828240255577,-0.043924517665142056
FIN,2020-11-30,0.10897337562243466,0.11147091848418705
FIN,2020-12-31,0.08407644963725033,-0.024122716476087845
FIN,2021-01-31,0.03417376261869,0.09309583659982279
FIN,2021-02-28,0.03295202312957188,0.056705949767065465
FIN,2021-03-31,0.032537570085648226,0.07179059723977074
FIN,2021-04-30,0.08030423868016202,0.04449559153141069
FIN,2021-05-31,0.2756642604937642,0.015647495904414745
FIN,2021-06-30,0.01299697949315834,0.05126021809626135
FIN,2021-07-31,0.05113330490662815,0.06841888840208102
FIN,2021-08-31,0.025305687603268907,0.009820931951818455
FIN,2021-09-30,-0.07630112146241383,0.04869054895685696
FIN,2021-10-31,0.039017378549973614,-0.03734809681574736
FIN,2021-11-30,-0.03209866690188425,0.0024824321613105865
FIN,2021-12-31,0.029603016402489683,0.04795131818963557
FIN,2022-01-31,-0.03908793662272225,-0.017194265984490045
FIN,2022-02-28,-0.08136166358244462,-0.05548676621953143
FIN,2022-03-31,0.008191846857686418,-0.046193883826516395
FIN,2022-04-30,-0.04005840764767724,0.009822969425531397
FIN,2022-05-31,-0.02356871173644436,0.008833602109280981
FIN,2022-06-30,-0.07245665132868802,-0.09770552677497427
FIN,2022-07-31,0.023076219435705824,0.09406663419701036
FIN,2022-08-31,-0.021071111653700788,-0.010282894367482451
FIN,2022-09-30,-0.09986003778987203,-0.040321421900439906
FIN,2022-10-31,0.03398707111622325,0.08163209613497571
FIN,2022-11-30,0.054374808686592696,0.05416316004013402
FIN,2022-12-31,-0.01687005766035023,0.004564175735411474
FIN,2023-01-31,0.06008014920584553,0.06486702139446546
FIN,2023-02-28,0.012490959294564114,0.06297174973631536
FIN,2023-03-31,-0.03895851336231236,-0.13179656498207168
FIN,2023-04-30,0.00474491548639277,0.008804343523390547
FIN,2023-05-31,-0.034085257434020036,-0.05389670575695322
FIN,2023-06-30,-0.015094142755208284,0.05163021459583031
FIN,2023-07-31,-0.016046359318457767,0.010063017086181483
FIN,2023-08-31,-0.020875320625075952,0.008788008499080202
FIN,2023-09-30,-0.04305185621229285,-0.011871930325192466
FIN,2023-10-31,-0.08494362677261953,-0.03435987371514743
FIN,2023-11-30,0.03197403906853042,0.016422138178633514
FIN,2023-12-31,0.037312591977307394,0.05382308157270582
FIN,2024-01-31,0.031024831323702224,0.025158487144708728
FIN,2024-02-29,-0.03715853377249791,-0.022805101942894986
FIN,2024-03-31,0.012057601070068404,-0.03504985935672805
FIN,2024-04-30,0.003472776778006103,0.0523255787704682
FIN,2024-05-31,0.04764994960156489,0.019900198558849117
FIN,2024-06-30,-0.020648637565615215,-0.022874421927039063
FIN,2024-07-31,0.006125254340499056,-0.00042576003690350403
FIN,2024-08-31,0.007144110230564147,0.001406122957771432
FIN,2024-09-30,0.011435894437327721,-0.005952198345202676
FIN,2024-10-31,-0.0540431396443915,0.0012767978080348054
FIN,2024-11-30,-0.0281447062426557,-0.024396623350158672
FIN,2024-12-31,-0.01602245358483425,-0.014099716772744365
FRA,2020-04-30,0.1371899840015489,0.07836419567198816
FRA,2020-05-31,0.16218240799198516,0.04587271644113238
FRA,2020-06-30,0.055433056803943455,0.05586171944396988
FRA,2020-07-31,0.001577132559244146,-0.026426298431797682
FRA,2020-08-31,0.03617762806473813,0.041899481746907115
FRA,2020-09-30,-0.016692340906543503,-0.034739074441421956
FRA,2020-10-31,0.14335109310236466,-0.009131148812584726
FRA,2020-11-30,0.5814657781916673,0.2895520012227509
FRA,2020-12-31,0.06069628718588552,0.025593607634332702
FRA,2021-01-31,0.03120276817656613,-0.007046431423193123
FRA,2021-02-28,0.06676817239710568,0.073049669432909
FRA,2021-03-31,0.0412380466086446,0.058273814125877794
FRA,2021-04-30,0.0249703701030096,0.02563436944775749
FRA,2021-05-31,0.00272846975672364,0.015913240361437837
FRA,2021-06-30,-0.01614925329374637,-0.00019221320962806116
FRA,2021-07-31,8.05648102923381e-05,0.005148039860620061
FRA,2021-08-31,0.02711790081440382,0.024229835053116766
FRA,2021-09-30,2.0829261206575906,0.013996290205492529
FRA,2021-10-31,0.11935210680174299,0.0497232499636319
FRA,2021-11-30,-0.018888966145730074,-0.009210316937970028
FRA,2021-12-31,0.025367215365050332,0.053466192002902195
FRA,2022-01-31,-0.027385081176466562,-0.007185618835511395
FRA,2022-02-28,-0.04982308284085938,-0.04704075166711466
FRA,2022-03-31,0.01945811548742574,0.005037099445131363
FRA,2022-04-30,-0.007624829795103437,-0.010130254147038673
FRA,2022-05-31,10.592454159174098,226.30572350441554
FRA,2022-06-30,-0.08914966739891143,-0.10055149258471545
FRA,2022-07-31,0.03420448858793706,0.09419609448758995
FRA,2022-08-31,-0.010358591129280562,-0.03756386762104443
FRA,2022-09-30,51.22886922833188,2881.117980135579
FRA,2022-10-31,0.10302460351904646,0.09070981426052124
FRA,2022-11-30,0.020718323198551446,0.06808159432779237
FRA,2022-12-31,-0.015401740046264333,-0.030719407845359793
FRA,2023-01-31,0.06957788102341582,0.09441745512227273
FRA,2023-02-28,0.022769140402149796,0.03261460281451398
FRA,2023-03-31,-0.03588951749086511,-0.01961157404046041
FRA,2023-04-30,-0.005376639410303288,0.024663012076749605
FRA,2023-05-31,8.815298477172048,-0.044750787803640446
FRA,2023-06-30,0.14230893052356597,0.03805552282262409
FRA,2023-07-31,0.08895291760994298,0.014886310303533766
FRA,2023-08-31,0.48613502784527063,-0.015387765838894361
FRA,2023-09-30,5.2971307899569755,0.021034896410881514
FRA,2023-10-31,-0.09613569454252727,-0.04549289082414679
FRA,2023-11-30,2.020223017856251,0.07481978210258035
FRA,2023-12-31,0.042992329657452345,0.035059387737233494
FRA,2024-01-31,23.243063509475082,0.20411224928893415
FRA,2024-02-29,3.0956936121576932,0.026336498372093616
FRA,2024-03-31,2.513962002560558,0.3280763105271979
FRA,2024-04-30,1.13230050883945,-0.0116219262229474
FRA,2024-05-31,22.099664203911583,0.25095914577921075
FRA,2024-06-30,1.0061740296841863,-0.06645678712851617
FRA,2024-07-31,0.01881504393563033,0.009337788483082695
FRA,2024-08-31,0.16504161503302311,0.05315077540542455
FRA,2024-09-30,0.08634299783690431,0.0033320475735950338
FRA,2024-10-31,1.676992489377045,-0.028046905257507852
FRA,2024-11-30,6.727359268079579,2.427626291208294
FRA,2024-12-31,0.2724793296492215,0.01673498760335659
GBR,2020-04-30,0.1654672809719981,0.026634975078242615
GBR,2020-05-31,0.09100397534580416,-0.008845302995712487
GBR,2020-06-30,0.042233148801900024,0.019819745255811105
GBR,2020-07-31,0.0759206816068039,-0.023665463063238773
GBR,2020-08-31,0.08085846156479298,0.018711769104591956
GBR,2020-09-30,-0.005041858508102795,-0.04187249028825525
GBR,2020-10-31,0.016190625903371097,-0.002327870994230526
GBR,2020-11-30,0.24459320447085137,0.2072174529129248
GBR,2020-12-31,0.11802612892521765,0.06701412534349806
GBR,2021-01-31,0.04451895219883585,0.012264257866661004
GBR,2021-02-28,0.06172466283949595,0.09427627518250037
GBR,2021-03-31,0.2630305719690845,0.027384340380653363
GBR,2021-04-30,0.10635374254389472,0.04436704586233336
GBR,2021-05-31,0.09053728795968626,0.01606369670797461
GBR,2021-06-30,0.021881393455499512,-0.009517232668769629
GBR,2021-07-31,0.011702402691219315,0.003899556642223033
GBR,2021-08-31,0.027464104290203833,0.001820743135107173
GBR,2021-09-30,0.036265523171901896,-0.015572322347801029
GBR,2021-10-31,-0.0022652711300236764,0.051977252783370925
GBR,2021-11-30,-0.010992143681234684,-0.031077573125409468
GBR,2021-12-31,0.02441321145302554,0.06240792700909772
GBR,2022-01-31,-0.04027307664423485,0.08129672014822581
GBR,2022-02-28,-0.0455174829298165,0.007951722189956116
GBR,2022-03-31,0.012707568185628178,0.0023589133854773833
GBR,2022-04-30,0.007812233296057808,-0.016729430566136905
GBR,2022-05-31,-0.033184850292304564,0.036405397673570844
GBR,2022-06-30,-0.0896043787923225,-0.05121878489493557
GBR,2022-07-31,0.11809315954202396,0.027460860784977045
GBR,2022-08-31,0.05248192897652526,-0.01958145357096326
GBR,2022-09-30,-0.09460092099114562,-0.07242958587338072
GBR,2022-10-31,0.0901033151803878,0.011799034855717185
GBR,2022-11-30,0.15922829860558224,0.10216466107903832
GBR,2022-12-31,0.018042412023261845,-0.007836972288638331
GBR,2023-01-31,0.0765436245583274,0.08558685391234554
GBR,2023-02-28,0.08644335820436391,0.014228407693601237
GBR,2023-03-31,-0.05535215547067455,-0.05866212164141148
GBR,2023-04-30,0.07137388556401618,0.04119190301210218
GBR,2023-05-31,-0.009130610310201931,-0.018979456625478532
GBR,2023-06-30,0.0009343309616549251,0.021778207940785763
GBR,2023-07-31,0.08222589891063607,0.04183806662528989
GBR,2023-08-31,-0.002570340504849892,-0.04374580009009455
GBR,2023-09-30,2.0383237697267895,0.027053257095738508
GBR,2023-10-31,-0.03786464611718662,-0.05158047135370474
GBR,2023-11-30,0.10135674542318472,0.0510109550652794
GBR,2023-12-31,0.10624870848907213,0.033617497060484385
GBR,2024-01-31,0.061746075323234985,-0.014186688677806517
GBR,2024-02-29,0.2618340831124976,-0.0035193798972734083
GBR,2024-03-31,0.042119472436154895,0.04540555433332595
GBR,2024-04-30,0.12230324824323763,0.08350757537529514
GBR,2024-05-31,0.05424056183972933,0.021892612250480815
GBR,2024-06-30,0.047846947883318384,-0.014794654427631728
GBR,2024-07-31,0.04427389237654567,0.04003319200048114
GBR,2024-08-31,-0.006728113803713658,-0.007413936313806941
GBR,2024-09-30,-0.016027238837025608,0.006604778344891052
GBR,2024-10-31,-0.022164987721381584,-0.005844179619237776
GBR,2024-11-30,0.02690767262255364,0.02278760552877992
GBR,2024-12-31,0.1966532128832884,0.009232199481788066
IND,2020-04-30,0.15162940310866013,0.1859668297773992
IND,2020-05-31,-0.0072545966114620376,-0.012859723447984478
IND,2020-06-30,0.21719753448047666,0.1632992732934602
IND,2020-07-31,0.010644628172216584,0.09458413419493036
IND,2020-08-31,0.11331276101332308,0.09329545316722902
IND,2020-09-30,1.0716010814563221e-05,0.017708859320949042
IND,2020-10-31,0.006966238493960432,0.03177128536315805
IND,2020-11-30,0.09350093384686664,0.18470669458232467
IND,2020-12-31,0.14200841053386606,0.10137937423007365
IND,2021-01-31,0.03783607456725412,0.034187568541179575
IND,2021-02-28,0.06620131418459377,0.1579974092715605
IND,2021-03-31,0.2166363971127696,0.022243409476989506
IND,2021-04-30,0.057532323836978726,0.08267823819509268
IND,2021-05-31,0.14108356860295074,0.11414945519934383
IND,2021-06-30,0.15331373033404846,0.0759767097672761
IND,2021-07-31,0.1339370843034016,0.07438297535796862
IND,2021-08-31,-0.021093318579365507,0.04469755424009881
IND,2021-09-30,0.06535956419097877,0.11575609366740673
IND,2021-10-31,0.06838645583708759,0.05103888609764973
IND,2021-11-30,0.04741140873354004,-0.002963130504817573
IND,2021-12-31,0.18507933425934242,0.04866101829503198
IND,2022-01-31,0.08079674386285274,0.024216489518675784
IND,2022-02-28,-0.07120251911192281,-0.04259436999960121
IND,2022-03-31,0.034385014896431185,0.07269572590180384
IND,2022-04-30,0.09100679882282522,0.05584046977829166
IND,2022-05-31,-0.06992802873344978,-0.05148057231107764
IND,2022-06-30,-0.016262169537503205,-0.06006152285781925
IND,2022-07-31,0.06865777674206303,0.11500650869563098
IND,2022-08-31,0.08294316045098477,0.08171273998620447
IND,2022-09-30,0.0596486276692428,0.003132881779316996
IND,2022-10-31,0.029923998570338933,0.05144030594541308
IND,2022-11-30,0.03199439417877984,0.06519475056674574
IND,2022-12-31,0.027771347924743135,0.02143229967049724
IND,2023-01-31,0.010989555848643402,-0.02904250725834881
IND,2023-02-28,-0.05975341336982472,-0.04732389893033508
IND,2023-03-31,-0.015996224788329395,0.02709981745566913
IND,2023-04-30,0.12210942740916943,0.08223612340189629
IND,2023-05-31,0.03608224559160564,0.06825529691407498
IND,2023-06-30,0.06314521639291157,0.08679236795928907
IND,2023-07-31,0.11129255251217494,0.08087403837732089
IND,2023-08-31,0.08163034277613675,0.06348098240097949
IND,2023-09-30,0.04549068892597975,0.07708495222158415
IND,2023-10-31,0.05167623085388395,0.0019807014288676685
IND,2023-11-30,0.24486217295410329,0.127705613225744
IND,2023-12-31,0.09917471527019267,0.1280283358869225
IND,2024-01-31,0.17709787957563974,0.14270893070706966
IND,2024-02-29,0.020837577359420836,0.0358788643997786
IND,2024-03-31,-0.001275166412070116,0.006974779418813649
IND,2024-04-30,0.12786935689016454,0.10674267416852418
IND,2024-05-31,0.013004866471093222,0.0550880760557529
IND,2024-06-30,0.09450914048346938,0.09929626731546046
IND,2024-07-31,0.07695553361313072,0.09685294432024777
IND,2024-08-31,0.051165381817502485,0.027374280234382986
IND,2024-09-30,0.03323856363001289,0.04255644130240434
IND,2024-10-31,15.120252474426591,0.22664316940920837
IND,2024-11-30,0.014751143801861016,0.020789284521940943
IND,2024-12-31,0.033270208488368425,0.025379706480944952
JPN,2020-04-30,0.0845369211121087,0.11008301656896885
JPN,2020-05-31,0.10152130303212444,0.13033194663069794
JPN,2020-06-30,0.010875539680592156,0.059042520631533986
JPN,2020-07-31,-0.05723826672371332,-0.01357097455553494
JPN,2020-08-31,0.09252807568811947,0.12872061264232187
JPN,2020-09-30,0.04985736785948292,0.030893013929190714
JPN,2020-10-31,-0.035868916830318905,0.02640931337563215
JPN,2020-11-30,0.05044095484772135,0.12932984156472827
JPN,2020-12-31,0.009699705534066735,0.04722975272894385
JPN,2021-01-31,0.01250308377366593,0.03239077948566458
JPN,2021-02-28,0.030788455487439113,0.07540114474255014
JPN,2021-03-31,0.0506556327928151,0.04832186365950736
JPN,2021-04-30,-0.029490790513368795,-0.006108428052384447
JPN,2021-05-31,0.001736493990629741,0.016027689111384445
JPN,2021-06-30,0.020204893413238056,0.0399165295480968
JPN,2021-07-31,-0.019474804156466238,-0.0154073789998417
JPN,2021-08-31,0.015778785794320578,0.08150810835962323
JPN,2021-09-30,0.023773126303665546,0.040229821858237466
JPN,2021-10-31,-0.013435137619008839,-0.004684479087085807
JPN,2021-11-30,-0.05340258252829939,-0.01457342452738123
JPN,2021-12-31,27.879387453445602,0.04482902333773466
JPN,2022-01-31,-0.06669088254002248,-0.06756150005720983
JPN,2022-02-28,0.009979222539137028,0.010435848267096337
JPN,2022-03-31,0.03210854828789725,0.0635622317439213
JPN,2022-04-30,-0.029718231971297356,-0.04276255489722391
JPN,2022-05-31,0.009033888590445497,0.03625736792544289
JPN,2022-06-30,0.004093058728139941,0.013315866403736101
JPN,2022-07-31,0.029269845830072378,0.05831233197498906
JPN,2022-08-31,0.023194747053697846,0.038723111974414574
JPN,2022-09-30,-0.04141758323538029,-0.07160799347825776
JPN,2022-10-31,0.024631057816417216,0.09159717714144708
JPN,2022-11-30,0.031469752132992884,0.07562933935196836
JPN,2022-12-31,-0.034855454679021784,-0.042312678141412034
JPN,2023-01-31,0.03641226450374293,0.07430842733462326
JPN,2023-02-28,0.025467026462810294,0.03045623892061512
JPN,2023-03-31,0.005024381093551283,0.00019711665949097184
JPN,2023-04-30,0.009959460180643039,-0.01486154148750826
JPN,2023-05-31,0.0012428682765918385,0.0792144150614936
JPN,2023-06-30,0.061388414792291096,0.10098964328996371
JPN,2023-07-31,0.008007828231446142,0.013505265656708886
JPN,2023-08-31,0.010093964472829273,0.024336186000624285
JPN,2023-09-30,0.003465089509025875,0.00010527432302138362
JPN,2023-10-31,-0.0459838839161372,-0.04116590650276501
JPN,2023-11-30,0.038600299450973076,0.10726246750496692
JPN,2023-12-31,0.016951279670369395,0.029107733843680844
JPN,2024-01-31,0.04420135584456995,0.0643421861635791
JPN,2024-02-29,0.027940529495193756,0.11641523595814411
JPN,2024-03-31,0.02401249736648643,0.05264558259582803
JPN,2024-04-30,-0.03513574342870448,-0.06238000307902481
JPN,2024-05-31,-0.0016030276078868875,0.046275897450886776
JPN,2024-06-30,0.03246702152518158,0.025818993844092916
JPN,2024-07-31,-0.004667617480371223,-0.0362966790828468
JPN,2024-08-31,-0.02417002978619509,-0.00496860851110857
JPN,2024-09-30,-0.0176390869782581,-0.01935221548741139
JPN,2024-10-31,-0.011997529047931037,0.013794956564149648
JPN,2024-11-30,0.006855771635240324,-0.002075975800717759
JPN,2024-12-31,0.01904365126799093,0.07630187973430415
>>>>>>> Stashed changes
LBR,2022-04-30,0.05405405405405417,0.05405405405405417
LBR,2022-05-31,-0.05128205128205132,-0.05128205128205132
LBR,2022-06-30,-0.027027027027027084,-0.027027027027027084
LBR,2022-07-31,-0.02777777777777779,-0.02777777777777779
LBR,2022-08-31,-0.02857142857142847,-0.028571428571428473
LBR,2022-09-30,-0.0729411764705884,-0.0729411764705884
LBR,2022-10-31,0.03172588832487322,0.03172588832487322
LBR,2022-11-30,-0.07749077490774903,-0.07749077490774903
LBR,2022-12-31,0.19999999999999996,0.19999999999999996
LBR,2023-01-31,0.0,0.0
LBR,2023-02-28,0.11111111111111116,0.11111111111111117
LBR,2023-03-31,-0.07500000000000007,-0.07500000000000007
LBR,2023-04-30,0.027027027027026973,0.02702702702702697
LBR,2023-05-31,-0.02631578947368418,-0.02631578947368418
LBR,2023-06-30,0.0,0.0
LBR,2023-07-31,-0.05405405405405406,-0.05405405405405406
LBR,2023-08-31,0.0,0.0
LBR,2023-09-30,0.0,0.0
LBR,2023-10-31,-0.12571428571428567,-0.12571428571428567
LBR,2023-11-30,-0.05228758169934644,-0.05228758169934644
LBR,2023-12-31,0.0,0.0
LBR,2024-01-31,0.0,0.0
LBR,2024-02-29,0.0,0.0
LBR,2024-03-31,-0.34482758620689646,-0.34482758620689646
LBR,2024-04-30,-0.7305263157894737,-0.7305263157894737
LBR,2024-05-31,-0.0625,-0.0625
LBR,2024-06-30,-0.09999999999999998,-0.09999999999999998
LBR,2024-07-31,0.0,0.0
LBR,2024-08-31,0.0,0.0
LBR,2024-09-30,-0.02777777777777779,-0.02777777777777779
LBR,2024-10-31,-0.01904761904761909,-0.01904761904761909
LBR,2024-11-30,-0.2912621359223301,-0.2912621359223301
LBR,2024-12-31,-0.136986301369863,-0.136986301369863
<<<<<<< Updated upstream
SAU,2020-04-30,0.10950597822875421,0.09050357872397374
SAU,2020-05-31,-0.012009294473595174,0.0028648544418153395
SAU,2020-06-30,0.050969473030649255,0.03463963911605851
SAU,2020-07-31,0.07217376969587841,0.0793059704096995
SAU,2020-08-31,0.11559656312186423,0.14795332623958746
SAU,2020-09-30,0.16189377518153183,0.19975478662812857
SAU,2020-10-31,-0.10363277160732767,-0.07444193914291158
SAU,2020-11-30,0.1818609495512004,0.265649630516419
SAU,2020-12-31,0.008155720812095937,0.022158059104871623
SAU,2021-01-31,0.009796123313038568,0.051395457133157664
SAU,2021-02-28,0.045045650749405836,0.13449035575274199
SAU,2021-03-31,0.06194823712462425,0.1174761816962094
SAU,2021-04-30,0.024713104349110428,0.05605167801090851
SAU,2021-05-31,0.05489636174104051,0.08009933896546675
SAU,2021-06-30,0.05755518619195308,0.10783425350400652
SAU,2021-07-31,0.004860527556152312,0.021136326738086065
SAU,2021-08-31,-0.021065928241677842,-0.000271383796890877
SAU,2021-09-30,-0.0015984805575672307,0.039464228632606006
SAU,2021-10-31,-0.03276214390064884,-0.006615271879896785
SAU,2021-11-30,-0.10809099964484224,-0.09779754202345994
SAU,2021-12-31,0.042636282675349274,0.07343333784896028
SAU,2022-01-31,0.051399725942777925,0.08991242070881228
SAU,2022-02-28,-0.026977863468944513,0.026785361081712335
SAU,2022-03-31,0.00551376595143371,0.06011159972210058
SAU,2022-04-30,-0.011930673692996205,0.060384298399532486
SAU,2022-05-31,-0.06100091748996351,-0.08493102556549062
SAU,2022-06-30,-0.11792959912660737,-0.14873013167392324
SAU,2022-07-31,0.03887900559959836,0.06701463562753651
SAU,2022-08-31,0.03762685279545447,0.06970195422913816
SAU,2022-09-30,-0.07015955064193818,-0.08369156938638511
SAU,2022-10-31,0.0067845981414235415,0.022773756185893355
SAU,2022-11-30,-0.05899996379183876,-0.07435284321311061
SAU,2022-12-31,-0.037873160790686665,-0.038528754228088616
SAU,2023-01-31,0.06743556695729674,0.07275029395663565
SAU,2023-02-28,-0.01555745927167105,-0.028878132449968737
SAU,2023-03-31,0.04137609225003993,0.06192749379530279
SAU,2023-04-30,0.07071434804475708,0.08727494000903435
SAU,2023-05-31,0.008156868311712579,0.00393180481009659
SAU,2023-06-30,-0.01748667868227111,0.028714793368087424
SAU,2023-07-31,-0.02900640407382998,0.04915708643621851
SAU,2023-08-31,-0.0285124033377023,0.004689508559353382
SAU,2023-09-30,-0.026442840483712326,-0.014759456391839225
SAU,2023-10-31,-0.07357171922435332,-0.003223449650095502
SAU,2023-11-30,0.044650980852766656,0.07013134810751477
SAU,2023-12-31,0.047802513856021536,0.08236547766561872
SAU,2024-01-31,0.0051963831908546435,0.024490889505494218
SAU,2024-02-29,0.09027677161700924,0.160197100471794
SAU,2024-03-31,-0.0021618591764687185,-0.0017929132171865556
SAU,2024-04-30,0.011768487130344835,0.03690872452444806
SAU,2024-05-31,-0.07176855251685219,-0.06898730194548885
SAU,2024-06-30,0.009611519148403608,0.009619960969446882
SAU,2024-07-31,0.022451952943244067,0.05579573459445134
SAU,2024-08-31,-0.004761819281322435,0.013739387593309439
SAU,2024-09-30,0.006829683968383546,0.04151668199319605
SAU,2024-10-31,-0.0065339420720765505,0.008392926570243856
SAU,2024-11-30,-0.007477883221790326,-0.011245014078312045
SAU,2024-12-31,0.026541430113394694,0.03743569609462783
TZA,2020-04-30,0.00714285714285714,0.06298459263345074
TZA,2020-05-31,-0.012540732982077484,-0.0017570342927713946
TZA,2020-06-30,-0.0036379841192675437,0.0009283494992895311
TZA,2020-07-31,-0.007346189164370979,-0.001127035182625899
TZA,2020-08-31,0.01832728911836416,0.007948443248746216
TZA,2020-09-30,-0.027355957710282992,-0.005870966777153913
TZA,2020-10-31,0.009195402298850578,0.08830010060610263
TZA,2020-11-30,0.013107263107263097,0.007718522519802547
TZA,2020-12-31,-0.0031139816627104785,0.003880163835965565
TZA,2021-01-31,0.012392462392462382,0.05965070184778602
TZA,2021-02-28,0.0012189716312056703,-0.005023772132211236
TZA,2021-03-31,0.0002097902097902097,0.00935664916676041
TZA,2021-04-30,0.0008663634394628485,-6.591536949344494e-05
TZA,2021-05-31,0.035702996917830666,0.18407798694055716
TZA,2021-06-30,0.013806844599578053,0.023736118232401262
TZA,2021-07-31,0.006046133323675686,-0.0020224345274889675
TZA,2021-08-31,-0.002212685737403852,-0.0014399328297459502
TZA,2021-09-30,0.0031423851591918864,-0.010694075121964144
TZA,2021-10-31,-0.022063400789037173,-0.059704683559790604
TZA,2021-11-30,0.03269949912468391,0.010523254609211575
TZA,2021-12-31,0.05474651982004924,0.06585691310260876
TZA,2022-01-31,0.010784889452652609,0.058126397387299904
TZA,2022-02-28,0.05834079813375477,0.02542763614650399
TZA,2022-03-31,0.047871564563367414,0.05744225265672295
TZA,2022-04-30,-0.02620236607930285,-0.004894072200527106
TZA,2022-05-31,0.01892673427506517,0.11217681112603796
TZA,2022-06-30,-0.015081321671468603,-0.07639778225079971
TZA,2022-07-31,0.06218371256302479,0.07082751234097598
TZA,2022-08-31,0.0042269767691809545,0.02150689824649216
TZA,2022-09-30,-0.032981827630841065,-0.03201472803423646
TZA,2022-10-31,-0.036208741114410074,-0.009835922953696763
TZA,2022-11-30,-0.030095004789923836,0.0119966315688922
TZA,2022-12-31,-0.00557251941291265,0.019974871958151473
TZA,2023-01-31,-0.013748517449410143,0.00196134688168111
TZA,2023-02-28,0.039627361680743274,0.09895146334044846
TZA,2023-03-31,0.04253687877196036,0.061225550156894785
TZA,2023-04-30,0.01186395055968447,0.061031182921513966
TZA,2023-05-31,0.0301954251924568,-0.004999437566224486
TZA,2023-06-30,-0.01963758541530788,0.0039002554645880534
TZA,2023-07-31,0.0100811069846964,0.015287352912604083
TZA,2023-08-31,-0.007880895389053025,-0.006595967946783509
TZA,2023-09-30,0.002091103906647969,0.0035276357122634534
TZA,2023-10-31,0.019891137970643243,0.03385893325652805
TZA,2023-11-30,0.005194384038987232,0.006500397290635854
TZA,2023-12-31,0.0072800232510257116,-0.004834682450630064
TZA,2024-01-31,0.009463147982867756,0.003627844508633524
TZA,2024-02-29,0.018974662599581915,0.07623841460476288
TZA,2024-03-31,-0.0014351077426551669,0.039997278863498985
TZA,2024-04-30,0.004126081545216844,-0.005562522797380453
TZA,2024-05-31,-0.006444999849314039,0.0032351828356898434
TZA,2024-06-30,-0.0015886970087129655,0.004255421389990645
TZA,2024-07-31,0.016139156556768588,0.07758694494200014
TZA,2024-08-31,0.018747725175607886,0.04556840414809573
TZA,2024-09-30,0.02260563191230672,-0.0012265306983804882
TZA,2024-10-31,0.008311493163449738,0.020833615057325235
TZA,2024-11-30,-0.0010862144111129636,-0.011964631923808354
TZA,2024-12-31,-0.025383251621735888,0.004670223743654727
VGB,2020-04-30,0.08022463551593899,0.25118427172683183
VGB,2020-05-31,0.0888769256173316,0.06870152798040251
VGB,2020-06-30,-0.04543475015396701,0.04850782383297626
VGB,2020-07-31,0.10764985959905114,0.48367365657266165
VGB,2020-08-31,-0.06251388136939331,-0.046869574830981295
VGB,2020-09-30,-0.043243479216576675,0.0322739902227125
VGB,2020-10-31,-0.1278578733049533,-0.03775891386799325
VGB,2020-11-30,-0.04416127217655767,-0.042564749211873414
VGB,2020-12-31,0.021956993213675183,-0.1312312114946863
VGB,2021-01-31,-0.0004468728645082742,0.03292292925753351
VGB,2021-02-28,0.05248322418365346,0.0720868066525217
VGB,2021-03-31,-0.07687921275213237,-0.21450146097735517
VGB,2021-04-30,0.02303690774243879,-0.21518185395229458
VGB,2021-05-31,-0.0483061468228941,-0.1546134708059574
VGB,2021-06-30,-0.051368922387009956,-0.0035005868412588204
VGB,2021-07-31,-0.04549294564439291,-0.17577576091877473
VGB,2021-08-31,-0.04231906502008385,-0.37703338753804955
VGB,2021-09-30,-0.08795556014891312,-0.17143528358875476
VGB,2021-10-31,-0.0971199578915132,-0.25426803156538175
VGB,2021-11-30,-0.09674172053299827,-0.17643895312468663
VGB,2021-12-31,-0.06756458799652801,-0.20018643456932503
VGB,2022-01-31,-0.02254285633314009,0.3194471609257318
VGB,2022-02-28,0.004311691470839914,0.3984432266111008
VGB,2022-03-31,-0.10253359820538528,-0.14306683692342273
VGB,2022-04-30,-0.005214869363833711,0.02184971513440628
VGB,2022-05-31,-0.1478584397728741,-0.06496362693597334
VGB,2022-06-30,-0.16698916595394506,-0.24885000198928775
VGB,2022-07-31,-0.06597014440391728,-0.1561871490982262
VGB,2022-08-31,-0.0174887217530668,0.19027809132976223
VGB,2022-09-30,-0.10226512302426713,-0.04361579572056711
VGB,2022-10-31,-0.03448707584413095,0.20475299534725333
VGB,2022-11-30,0.004442472232916828,0.38864358491544443
VGB,2022-12-31,-0.07549433762259157,-0.11586742261466261
VGB,2023-01-31,0.015163968250563558,0.07473471362303322
VGB,2023-02-28,-0.03954671768304635,0.18495604255350925
VGB,2023-03-31,-0.048144214029501774,0.16871263707741516
VGB,2023-04-30,-0.06098683393665776,-0.12842736360417614
VGB,2023-05-31,-0.10731183624779594,-0.35348978965393063
VGB,2023-06-30,-0.06452249694610941,-0.002788020183912794
VGB,2023-07-31,-0.03924873324742554,0.11735478446110326
VGB,2023-08-31,-0.07288451194393891,-0.2653946973529669
VGB,2023-09-30,-0.053090085106685,0.014708511983146138
VGB,2023-10-31,-0.04787083747591848,-0.02161927704093232
VGB,2023-11-30,-0.11719150108849959,-0.29340753093987376
VGB,2023-12-31,-0.19562868931797042,-0.43024552505626856
VGB,2024-01-31,-0.07379867654451207,0.20820196502332633
VGB,2024-02-29,-0.052861651204101225,0.7099294119605504
VGB,2024-03-31,-0.11964285102608038,-0.3710372097628552
VGB,2024-04-30,0.1258361096881094,0.3164555451059679
VGB,2024-05-31,-0.06812367470571447,0.06807656594478717
VGB,2024-06-30,-0.13616169010794127,-0.21939523158036423
VGB,2024-07-31,-0.18946118757115238,-0.19129283112358475
VGB,2024-08-31,-0.18469784587106242,0.38087929263193465
VGB,2024-09-30,0.017798573231527344,-0.17805301615907
VGB,2024-10-31,-0.07955321646054261,-0.08072562971652836
VGB,2024-11-30,-0.1638495753789558,-0.20495812367578226
VGB,2024-12-31,0.03131565236968638,0.22160767791095012
ZAF,2020-03-31,-0.5404572634983619,-0.4236971506360858
ZAF,2020-04-30,-0.06978095050539584,0.1909115159570922
ZAF,2020-05-31,-0.12855572819727346,-0.009953619415917698
ZAF,2020-06-30,-0.09005385860103231,0.05353955480336735
ZAF,2020-07-31,-0.14458994050713384,0.07556642191897837
ZAF,2020-08-31,-0.1278806961574041,-0.02658101606148386
ZAF,2020-09-30,-0.1177465151832632,0.006439347331846337
ZAF,2020-10-31,-0.11579601429264917,-0.03669669121453671
ZAF,2020-11-30,-0.01940424468178944,0.1436747133743355
ZAF,2020-12-31,-0.06790990878333476,0.0888167795292656
ZAF,2021-01-31,-0.10523235918951443,0.027395067160120395
ZAF,2021-02-28,-0.09288086321027873,0.0907176228631171
ZAF,2021-03-31,-0.07726092922806525,0.04050807433288631
ZAF,2021-04-30,-0.09822745680187357,0.013024002550987823
ZAF,2021-05-31,-0.10966644948802819,0.08536297444381205
ZAF,2021-06-30,-0.1259941462948611,-0.015835807508944973
ZAF,2021-07-31,-0.14459674133183012,0.05273253920036699
ZAF,2021-08-31,-0.0947321355730123,0.014632656329225004
ZAF,2021-09-30,-0.1143268148434837,-0.0218412877917275
ZAF,2021-10-31,-0.07143096358035843,0.033737523464973745
ZAF,2021-11-30,-0.14463459938882134,-0.008873159173237537
ZAF,2021-12-31,-0.11980084188764825,0.04815576415606397
ZAF,2022-01-31,-0.13429559946619027,0.043349743651879574
ZAF,2022-02-28,-0.15228702190077759,0.06954835366053759
ZAF,2022-03-31,-0.11731898655830135,0.040455528559073736
ZAF,2022-04-30,-0.150067844825669,-0.04927889943222752
ZAF,2022-05-31,-0.14549790001523044,-0.01618232466588286
ZAF,2022-06-30,-0.18482749645897395,-0.10522050385978525
ZAF,2022-07-31,-0.11594862591102424,0.025051801526015383
ZAF,2022-08-31,-0.14282443013086318,0.008102483866699062
ZAF,2022-09-30,-0.16805763563564932,-0.02307127796998519
ZAF,2022-10-31,-0.12855486353005605,0.05883865714306125
ZAF,2022-11-30,-0.13595939644197122,0.049608993493883265
ZAF,2022-12-31,-0.13602987935505315,-0.04725447289187713
ZAF,2023-01-31,-0.1283828186529967,0.05569262692633166
ZAF,2023-02-28,-0.15969857312053543,-0.011566983864417764
ZAF,2023-03-31,-0.15855718599914478,-0.02521370306729501
ZAF,2023-04-30,-0.15119821242932271,0.03977829353324523
ZAF,2023-05-31,-0.201798546823291,-0.06480230184088942
ZAF,2023-06-30,-0.12996809074258586,0.0904528431332547
ZAF,2023-07-31,-0.1386292739744105,0.08956806413277497
ZAF,2023-08-31,-0.15689071135155605,-0.02939569848777027
ZAF,2023-09-30,-0.15689299732040723,-0.022388304778756956
ZAF,2023-10-31,-0.14398766225612553,-0.03592291012932155
ZAF,2023-11-30,-0.1003050688026151,0.07782158830969504
ZAF,2023-12-31,-0.11528449026442794,0.055416344956135566
ZAF,2024-01-31,-0.15772318062245005,-0.0024390422339256902
ZAF,2024-02-29,-0.16205144992417256,-0.013921610640729385
ZAF,2024-03-31,-0.1488257514702852,0.01961067139487992
ZAF,2024-04-30,-0.14812096232210348,-0.01096255813897675
ZAF,2024-05-31,-0.11934057599265645,0.0024589105627091366
ZAF,2024-06-30,-0.11257455118250095,0.10695785380413472
ZAF,2024-07-31,-0.11625717956541302,0.05365502788746906
ZAF,2024-08-31,-0.12800145145235928,0.05893667101746202
ZAF,2024-09-30,-0.11643007334709356,0.06213937598287059
ZAF,2024-10-31,-0.14395327749625828,0.04990324125585545
ZAF,2024-11-30,-0.1415446832004517,0.009487568488812284
ZAF,2024-12-31,-0.12581902810242881,0.010937629556360502
=======
SAU,2020-04-30,0.12322551046527716,0.10127813077410387
SAU,2020-05-31,-0.012009294473595177,0.0026758935857675195
SAU,2020-06-30,0.050969473030649255,0.035063623251499795
SAU,2020-07-31,0.07217376969587841,0.08262632593302614
SAU,2020-08-31,0.12026153095876935,0.1818626174542928
SAU,2020-09-30,0.17506601350011877,0.2327024855709646
SAU,2020-10-31,-0.10363277160732767,-0.09364992644688967
SAU,2020-11-30,0.20155033771509065,0.3285897741081831
SAU,2020-12-31,0.01654165742897707,0.04168102393213853
SAU,2021-01-31,0.009796123313038566,0.06577848765099219
SAU,2021-02-28,0.05004346365359569,0.15635958531950017
SAU,2021-03-31,0.06194823712462425,0.11580353616461975
SAU,2021-04-30,0.024713104349110424,0.054279309204790384
SAU,2021-05-31,0.05489636174104052,0.08014586627306756
SAU,2021-06-30,0.057555186191953094,0.10633768063018745
SAU,2021-07-31,0.011946303027314123,0.0544608935319132
SAU,2021-08-31,-0.015373481649347836,0.0005558274508374595
SAU,2021-09-30,-0.0015984805575672387,0.04239161308964358
SAU,2021-10-31,-0.024274913533640315,-0.007052814888197952
SAU,2021-11-30,-0.10809099964484224,-0.09507003291319387
SAU,2021-12-31,0.05521052973344477,0.09456165613942862
SAU,2022-01-31,0.058307515219688695,0.10071343175699855
SAU,2022-02-28,0.008737484478307451,0.08629543690557162
SAU,2022-03-31,0.012294068381178249,0.06211896613885148
SAU,2022-04-30,-0.011930673692996208,0.05996724895180571
SAU,2022-05-31,-0.0610009174899635,-0.08559508250034017
SAU,2022-06-30,-0.11792959912660737,-0.14817576868033658
SAU,2022-07-31,0.03887900559959836,0.06704745323658647
SAU,2022-08-31,0.03762685279545447,0.07161738703899058
SAU,2022-09-30,-0.07015955064193817,-0.08367796894633459
SAU,2022-10-31,0.011682529276808525,0.024916116110910456
SAU,2022-11-30,-0.05899996379183876,-0.07438378479288538
SAU,2022-12-31,-0.03787316079068666,-0.038544298379703336
SAU,2023-01-31,0.06743556695729674,0.07380326856059971
SAU,2023-02-28,-0.01555745927167105,-0.028877400161436494
SAU,2023-03-31,0.04137609225003993,0.0637826075954858
SAU,2023-04-30,0.0707143480447571,0.08293707869401991
SAU,2023-05-31,0.016649404162600277,-0.00040173337283690906
SAU,2023-06-30,-0.017486678682271106,0.017613223341112726
SAU,2023-07-31,-0.02900640407382998,0.049050001338617547
SAU,2023-08-31,-0.028512403337702292,0.0045647692237895665
SAU,2023-09-30,-0.02644284048371233,-0.014771331945436011
SAU,2023-10-31,-0.07553897426640628,-0.029513839337106527
SAU,2023-11-30,0.044650980852766656,0.0694299835175093
SAU,2023-12-31,0.047802513856021536,0.08236547766561873
SAU,2024-01-31,0.005196383190854645,0.02449088950549421
SAU,2024-02-29,0.09027677161700923,0.13287573742923353
SAU,2024-03-31,0.013210957399035089,0.009511903241293446
SAU,2024-04-30,0.011768487130344835,0.037049402399352095
SAU,2024-05-31,-0.07176855251685219,-0.06894731846632798
SAU,2024-06-30,0.016930398387717132,0.01437778248526072
SAU,2024-07-31,0.022451952943244063,0.05579358669379768
SAU,2024-08-31,-0.004761819281322437,0.013883499172370981
SAU,2024-09-30,0.01434042208128248,0.04665603236146328
SAU,2024-10-31,-0.006533942072076552,0.008392926570243849
SAU,2024-11-30,-0.007477883221790325,-0.011238819302985424
SAU,2024-12-31,0.026541430113394694,0.03743496985648405
TZA,2020-04-30,0.00714285714285714,0.06298459263345074
TZA,2020-05-31,-0.012540732982077484,-0.0017822132206472907
TZA,2020-06-30,-0.0036379841192675437,0.0009283466451121491
TZA,2020-07-31,-0.007346189164370979,-0.0011270346523947173
TZA,2020-08-31,0.01832728911836416,0.007948443248746216
TZA,2020-09-30,-0.027355957710282992,-0.005873422001032122
TZA,2020-10-31,0.009195402298850578,0.0879778219081531
TZA,2020-11-30,0.013107263107263097,0.0076983858941649524
TZA,2020-12-31,-0.0031139816627104785,0.0038798311004657375
TZA,2021-01-31,0.012392462392462382,0.05943020321113311
TZA,2021-02-28,0.0012189716312056703,-0.0050221300331276765
TZA,2021-03-31,0.0002097902097902097,0.009336846387450927
TZA,2021-04-30,0.0008663634394628485,-8.774128694396296e-05
TZA,2021-05-31,0.035702996917830666,0.1838908494748847
TZA,2021-06-30,0.013806844599578046,0.023736450786903136
TZA,2021-07-31,0.006046133323675686,-0.0013471927245855878
TZA,2021-08-31,-0.002212685737403846,-0.001440307536678601
TZA,2021-09-30,0.0031423851591918864,-0.0106181530953596
TZA,2021-10-31,-0.022063400789037173,-0.06282194194080644
TZA,2021-11-30,0.03269949912468391,0.010998043099871974
TZA,2021-12-31,0.05474651982004924,0.06749313241012012
TZA,2022-01-31,0.010784889452652609,0.0579219304661551
TZA,2022-02-28,0.05834079813375477,0.025868918702554984
TZA,2022-03-31,0.047871564563367414,0.05880541110480401
TZA,2022-04-30,-0.02620236607930285,-0.004956300208876983
TZA,2022-05-31,0.01892673427506517,0.11197449287128095
TZA,2022-06-30,-0.015081321671468603,-0.08540361843387972
TZA,2022-07-31,0.06218371256302479,0.07048813304532621
TZA,2022-08-31,0.0042269767691809545,0.021563298214928625
TZA,2022-09-30,-0.032981827630841065,-0.03205744692388317
TZA,2022-10-31,-0.036208741114410074,-0.010172354175826981
TZA,2022-11-30,-0.030095004789923836,0.011426977793453032
TZA,2022-12-31,-0.00557251941291265,0.017921954693968376
TZA,2023-01-31,-0.013748517449410143,0.0017939629948471045
TZA,2023-02-28,0.039627361680743274,0.09832217124431646
TZA,2023-03-31,0.04253687877196036,0.06465849723398703
TZA,2023-04-30,0.01186395055968447,0.06013517171746598
TZA,2023-05-31,0.0301954251924568,-0.0039013601222529734
TZA,2023-06-30,-0.01963758541530788,0.0033592561038917933
TZA,2023-07-31,0.0100811069846964,0.015320520602926664
TZA,2023-08-31,-0.007880895389053025,-0.0067233051216336786
TZA,2023-09-30,0.002091103906647969,0.003506296533287767
TZA,2023-10-31,0.019891137970643243,0.0344368678985863
TZA,2023-11-30,0.005194384038987232,0.0071653426151876524
TZA,2023-12-31,0.0072800232510257116,-0.0045624325417666775
TZA,2024-01-31,0.009463147982867756,0.004926454934941394
TZA,2024-02-29,0.018974662599581915,0.07618456154657065
TZA,2024-03-31,-0.0014351077426551669,0.03964850203381449
TZA,2024-04-30,0.004126081545216844,-0.005586491533211787
TZA,2024-05-31,-0.006444999849314039,0.0031756925448995416
TZA,2024-06-30,-0.0015886970087129655,0.0041509675901055506
TZA,2024-07-31,0.016139156556768588,0.07710731958181381
TZA,2024-08-31,0.018747725175607886,0.045604676085542445
TZA,2024-09-30,0.02260563191230672,0.002676485605506705
TZA,2024-10-31,0.008311493163449738,0.020826815393014897
TZA,2024-11-30,-0.0010862144111129636,-0.011959430475392099
TZA,2024-12-31,-0.025383251621735888,0.00466053301381808
VGB,2020-04-30,0.2590532299000476,0.3248251467364284
VGB,2020-05-31,0.1506068283238278,0.0924110164661034
VGB,2020-06-30,0.01079343776358661,0.04709238706962861
VGB,2020-07-31,0.19855191558862734,0.4462857567553859
VGB,2020-08-31,-0.01047647700848129,-0.06952017178227643
VGB,2020-09-30,0.01314539559835074,0.041014679308986536
VGB,2020-10-31,-0.06190554207904643,-0.019467667421690937
VGB,2020-11-30,0.03454576219041512,0.06424060698031615
VGB,2020-12-31,0.10045803938443781,0.2006308283131027
VGB,2021-01-31,0.058879891156179254,0.14444535484186125
VGB,2021-02-28,0.20926002025177112,0.8482207713201663
VGB,2021-03-31,0.09053803544179877,0.6623534018263413
VGB,2021-04-30,0.2884682244781699,0.7812118626714161
VGB,2021-05-31,0.02200121689280197,0.05190674747321867
VGB,2021-06-30,0.01341176556251003,0.10739067324579636
VGB,2021-07-31,0.04327287513108409,0.12781724069611083
VGB,2021-08-31,-0.04017823038040309,-0.23004850806520044
VGB,2021-09-30,-0.04320248346723747,0.05533972403125115
VGB,2021-10-31,-0.026343024882698473,0.002157232632652231
VGB,2021-11-30,-0.05700868413246135,-0.07029798110648029
VGB,2021-12-31,-0.012445407749972165,0.06212780925242302
VGB,2022-01-31,0.10127146634635428,0.3967852226007118
VGB,2022-02-28,0.04342399303865509,0.3877044168495933
VGB,2022-03-31,-0.04521572121094084,-0.0314540831667073
VGB,2022-04-30,0.04626802088814842,0.07569638745290634
VGB,2022-05-31,-0.09368965778718659,-0.0382483243596001
VGB,2022-06-30,-0.1292501043537476,-0.028413548153807783
VGB,2022-07-31,-0.04674858370161951,-0.03501586954154942
VGB,2022-08-31,0.04028415595331955,0.11894334702051773
VGB,2022-09-30,-0.0794955199769161,-0.031160223699835052
VGB,2022-10-31,0.01768607996565466,0.20160669370169793
VGB,2022-11-30,0.14830609992778532,0.2531792474707995
VGB,2022-12-31,-0.0281255751693626,-0.06751402190574132
VGB,2023-01-31,0.08370116731484385,0.06460250471150937
VGB,2023-02-28,0.02521238691404426,0.1909862345842484
VGB,2023-03-31,0.022406940426961727,0.18465786495668912
VGB,2023-04-30,0.043761676970852995,0.03317975380088897
VGB,2023-05-31,-0.09580551529730574,-0.2181234550306555
VGB,2023-06-30,-0.11334280732066992,-0.20898197586006675
VGB,2023-07-31,0.10777783361910495,0.4333764331565556
VGB,2023-08-31,-0.11822374726487112,-0.11473772151551369
VGB,2023-09-30,-0.026494486119748344,-0.02434166685227401
VGB,2023-10-31,0.00446841854505332,0.019176143243724374
VGB,2023-11-30,-0.024352250820747816,0.3267325803475924
VGB,2023-12-31,-0.1822360875172034,-0.33464332391026913
VGB,2024-01-31,0.3236257917926772,3.557023440122317
VGB,2024-02-29,0.05940018907032254,0.5569694705962658
VGB,2024-03-31,-0.13665433519914727,-0.36074028537095665
VGB,2024-04-30,0.09412566045980454,0.1409676945438274
VGB,2024-05-31,6.489134095974725,0.24186050575311188
VGB,2024-06-30,-0.09116592065677502,-0.2986452140332159
VGB,2024-07-31,0.11230188618538967,0.5694314649833278
VGB,2024-08-31,-0.1131658436485298,0.06816778221811484
VGB,2024-09-30,0.8104544600619952,-0.20163966995839216
VGB,2024-10-31,-0.06047386545434102,-0.026345450070721824
VGB,2024-11-30,0.4797873079186363,0.017810186557414946
VGB,2024-12-31,-0.010121007020517018,0.07083972760276984
ZAF,2020-04-30,0.06986401928720078,0.22453325561323154
ZAF,2020-05-31,0.025338952214371175,-0.010868429881334608
ZAF,2020-06-30,0.09220539165388603,0.10437883455184654
ZAF,2020-07-31,0.3498130480864521,0.09316609139880348
ZAF,2020-08-31,-0.01262911772292151,-0.012823682436999276
ZAF,2020-09-30,0.00921642879070353,-0.0001953244989920767
ZAF,2020-10-31,0.01057290341593047,0.0005509966874886573
ZAF,2020-11-30,0.1303190237202242,0.10230346060715825
ZAF,2020-12-31,0.07580715092165032,0.0672722985162995
ZAF,2021-01-31,0.035407964634617706,0.06478717925852653
ZAF,2021-02-28,0.05679272208483893,0.06852261380449551
ZAF,2021-03-31,0.0636376381347442,0.04314229962358805
ZAF,2021-04-30,0.06053692221039435,-0.00019944128758781556
ZAF,2021-05-31,0.04161287114825238,0.03895462894805166
ZAF,2021-06-30,-0.003932496128571157,-0.027848221205983226
ZAF,2021-07-31,0.0047869451043044305,0.013276629494817106
ZAF,2021-08-31,0.06300445403268026,-0.01607823786229021
ZAF,2021-09-30,0.01419222665148596,-0.013310391713392234
ZAF,2021-10-31,0.06446771413276324,0.02990712239548643
ZAF,2021-11-30,0.0007704761604632297,0.010340054142845261
ZAF,2021-12-31,1.443317435199061,0.7107302673364168
ZAF,2022-01-31,0.028781751017614148,0.046499248459139705
ZAF,2022-02-28,0.02847517186325089,0.06744539119365388
ZAF,2022-03-31,0.04233928106159152,0.021617398692132698
ZAF,2022-04-30,0.07882504325909409,-0.047453971154905975
ZAF,2022-05-31,-0.015169278039661555,-0.0009885627224023154
ZAF,2022-06-30,-0.06523972346126264,-0.018076766344041796
ZAF,2022-07-31,0.19439490105945928,0.02460046658632962
ZAF,2022-08-31,-0.0022515261742349145,-0.009745309044681783
ZAF,2022-09-30,-0.04074296248786069,-0.04694363307494143
ZAF,2022-10-31,0.01565139309372324,0.045114261163403196
ZAF,2022-11-30,0.03310719479633084,0.11403752024739702
ZAF,2022-12-31,-0.023638233989761944,-0.04129739508009339
ZAF,2023-01-31,0.01820873261917231,0.07244056200786549
ZAF,2023-02-28,-0.018607649278719805,-0.02691639514053793
ZAF,2023-03-31,-0.028908039073740257,-0.008083652517372092
ZAF,2023-04-30,333.32756846096413,0.8080893541720973
ZAF,2023-05-31,-0.06634075522981256,-0.07186481675326374
ZAF,2023-06-30,0.028024503330288112,0.06391804812124702
ZAF,2023-07-31,2.458607503044966,0.08856869851654949
ZAF,2023-08-31,-0.008633617759645251,-0.06097822267391611
ZAF,2023-09-30,-0.012168605649657107,-0.03136554474443414
ZAF,2023-10-31,-0.02611260000391285,-0.027497319833877574
ZAF,2023-11-30,0.04118391899349383,0.08680053768629978
ZAF,2023-12-31,0.051585704727668165,0.042796945651548526
ZAF,2024-01-31,-0.0036330684122676217,-0.03203534776532976
ZAF,2024-02-29,-0.02416905645836715,-0.024584084725792682
ZAF,2024-03-31,0.024561018332857305,0.04084637982834914
ZAF,2024-04-30,-0.0015671155056907473,0.014766935805327454
ZAF,2024-05-31,0.0406162815318035,0.00367147887582271
ZAF,2024-06-30,0.07491892975673388,0.08517788713289332
ZAF,2024-07-31,0.052933586897498754,0.04819283270858751
ZAF,2024-08-31,0.016035288190558588,0.015854967081422554
ZAF,2024-09-30,0.041935159121294655,0.045247244835024264
ZAF,2024-10-31,0.03140496544676701,0.005379228693702673
ZAF,2024-11-30,-0.007745223341804556,-0.013273618192758551
ZAF,2024-12-31,0.012663208331223148,-0.0015536060540674728
>>>>>>> Stashed changes
