country,datadate,ew_return,vw_return,period
AUS,2020-03-31,-0.2584858340512109,-0.4402224312473647,Crisis
AUS,2020-04-30,-0.006011927674094,-0.2219121992622568,Crisis
AUS,2020-05-31,0.0114877291814892,0.2985690789523731,Crisis
AUS,2020-06-30,-0.1188636029506269,-0.1198106807932092,Crisis
AUS,2020-07-31,0.0778817168502239,-0.0110667054453473,Crisis
AUS,2020-08-31,0.0792927570945746,0.0332427748505061,Crisis
AUS,2020-09-30,0.0192789619372298,-0.0239231314598095,Crisis
AUS,2020-10-31,0.0138591018919188,-0.0002457802265626,Crisis
AUS,2020-11-30,0.0538709405955935,0.0595064255261995,Crisis
AUS,2020-12-31,0.0138170428634567,0.0002127569523696,Crisis
AUS,2021-01-31,0.0327209491146362,-0.0049987879405751,Crisis
AUS,2021-02-28,0.0194932331319465,-0.0041352412473848,Crisis
AUS,2021-03-31,-0.0091561364897529,0.0087240810086855,Crisis
AUS,2021-04-30,0.0279160726275163,0.018277146731642,Crisis
AUS,2021-05-31,-0.0121664820902696,-0.0006349090878433,Crisis
AUS,2021-06-30,-0.0238006800929676,0.0124171430048537,Crisis
AUS,2021-07-31,0.0196407296815802,-0.0012246244145039,Crisis
AUS,2021-08-31,0.0126287363848079,0.0162368536273407,Crisis
AUS,2021-09-30,0.0062322359602868,0.0231048432671533,Crisis
AUS,2021-10-31,0.0245038952514587,0.0269695486429093,Crisis
AUS,2021-11-30,-0.0146992339333534,0.051910857114084,Crisis
AUS,2021-12-31,-0.0072143396936511,0.0391404913809991,Crisis
AUS,2022-01-31,-0.026956844885068,-0.0046261844146385,Recovery
AUS,2022-02-28,-0.0258079386978768,-0.0177680400910307,Recovery
AUS,2022-03-31,0.0318120565132747,0.0004477576934714,Recovery
AUS,2022-04-30,-0.0108024091789231,-0.0228176857606275,Recovery
AUS,2022-05-31,-0.0665750571562325,-0.0578464442009789,Recovery
AUS,2022-06-30,-0.1178055393188918,-0.116501670651993,Recovery
AUS,2022-07-31,0.0849515549305815,-0.0032999726573453,Recovery
AUS,2022-08-31,0.013778386466428,-0.0384996606041967,Recovery
AUS,2022-09-30,-0.0438624583313997,-0.1028771324492079,Recovery
AUS,2022-10-31,-0.0034068905283831,-0.0135634744027874,Recovery
AUS,2022-11-30,0.0148469251443614,0.0036670386675444,Recovery
AUS,2022-12-31,-0.0220569221784427,-0.0574945722009139,Recovery
AUS,2023-01-31,0.0365883178762379,0.0046553213083412,Recovery
AUS,2023-02-28,-0.0389086525921978,-0.0345720987215711,Recovery
AUS,2023-03-31,-0.0278042390873337,-0.034393392429087,Recovery
AUS,2023-04-30,0.0053255979627492,-0.0087153406392193,Recovery
AUS,2023-05-31,-0.0303532369736919,-0.0202129498025413,Recovery
AUS,2023-06-30,-0.0172079321878877,-0.020505396942335,Recovery
AUS,2023-07-31,0.033147274505739,0.0158160997758376,Recovery
AUS,2023-08-31,-0.0287694584117971,-0.0179443291941838,Recovery
AUS,2023-09-30,-0.0243810282772851,-0.0307739543378572,Recovery
AUS,2023-10-31,-0.0345668568425816,-0.036512221689997,Recovery
AUS,2023-11-30,0.019359993591125,0.007791157652418,Recovery
AUS,2023-12-31,0.0069650184162217,0.0129177648519608,Recovery
AUS,2024-01-31,-0.028370779849089,-0.0029946781598636,Recovery
AUS,2024-02-29,-0.0113720227839845,0.0110401675955576,Recovery
AUS,2024-03-31,0.0108490328473791,0.0135146414312974,Recovery
AUS,2024-04-30,-0.0064049795789062,-0.0153313064681297,Recovery
AUS,2024-05-31,-0.0167724387599809,-0.0367934766586126,Recovery
AUS,2024-06-30,-0.0471853700553477,0.0061816893908666,Recovery
AUS,2024-07-31,0.0068190153312596,0.0225795087048834,Recovery
AUS,2024-08-31,-0.0179081463258195,0.0082274710339335,Recovery
AUS,2024-09-30,0.0189042500768273,-0.0403962650102966,Recovery
AUS,2024-10-31,0.0088815590685758,-0.0411501471650661,Recovery
AUS,2024-11-30,-0.0209806235198796,-0.0146557253745412,Recovery
AUS,2024-12-31,-0.0177814702461875,-0.0624751653869688,Recovery
AUT,2020-03-31,-0.0714818755779954,-0.0303655679798057,Crisis
AUT,2020-04-30,-0.0078611030465154,0.0008039684938572,Crisis
AUT,2020-05-31,-0.0535514856604963,-0.0303954008888525,Crisis
AUT,2020-06-30,-0.0337003416324899,-0.0016037918997862,Crisis
AUT,2020-07-31,-0.0420927653697688,-0.0230258237957381,Crisis
AUT,2020-08-31,-0.060220005253309,0.0014498049968904,Crisis
AUT,2020-09-30,0.0017522686096101,0.0115901040755214,Crisis
AUT,2020-10-31,-0.0597298092398691,-0.0066455073222208,Crisis
AUT,2020-11-30,0.0478912259128346,0.028438593311846,Crisis
AUT,2020-12-31,-0.023201338331847,-0.1001108586793076,Crisis
AUT,2021-01-31,-0.0043065285174393,-0.0019674347098372,Crisis
AUT,2021-02-28,-0.0272541523527821,-0.0882701018253103,Crisis
AUT,2021-03-31,-0.0102090297347959,-0.0239424153730673,Crisis
AUT,2021-04-30,-0.0242298928119517,-0.1077449083457395,Crisis
AUT,2021-05-31,-0.0277078050447956,-0.024189811401021,Crisis
AUT,2021-06-30,-0.01057706412244,-0.0190510557750475,Crisis
AUT,2021-07-31,-0.0191481163588055,-0.0218164891363831,Crisis
AUT,2021-08-31,-0.0478107262854394,-0.0298796694052617,Crisis
AUT,2021-09-30,-0.0305151223547176,-0.02910079687896,Crisis
AUT,2021-10-31,-0.0163423143669852,-0.016918448462131,Crisis
AUT,2021-11-30,-0.060551025990709,-0.038811187320229,Crisis
AUT,2021-12-31,-0.0247852876339046,-0.0185037766532858,Crisis
AUT,2022-01-31,-0.0246769172364233,-0.1079155424929043,Recovery
AUT,2022-02-28,-0.05997363273445,-0.0460758062464667,Recovery
AUT,2022-03-31,-0.0409616235106005,-0.0506233003776076,Recovery
AUT,2022-04-30,-0.029046165896325,-0.0459395825150988,Recovery
AUT,2022-05-31,-0.0403112632943466,-0.0305198830434097,Recovery
AUT,2022-06-30,-0.05516669342512,-0.0534673064088347,Recovery
AUT,2022-07-31,-0.0249433509765643,-0.0866814160267281,Recovery
AUT,2022-08-31,-0.045215139166802,-0.0398576661225515,Recovery
AUT,2022-09-30,-0.0391082624735401,-0.0307239313021273,Recovery
AUT,2022-10-31,-0.0301500265378322,-0.0039020902533492,Recovery
AUT,2022-11-30,-0.0170023532020208,0.0003583114578352,Recovery
AUT,2022-12-31,-0.0367669155312243,-0.0372608198437259,Recovery
AUT,2023-01-31,-0.0064907686796176,-0.0079794503609702,Recovery
AUT,2023-02-28,-0.0319208243395094,-0.0526085492554141,Recovery
AUT,2023-03-31,-0.0575481961122006,-0.0420920336219599,Recovery
AUT,2023-04-30,-0.009198871043647,-0.0207775197085974,Recovery
AUT,2023-05-31,-0.0545242537648111,-0.0271010106970847,Recovery
AUT,2023-06-30,-0.0326040153415471,-0.0504643271422378,Recovery
AUT,2023-07-31,-0.039309572986051,-0.024035443869544,Recovery
AUT,2023-08-31,-0.0360281369280964,-0.0596421811075307,Recovery
AUT,2023-09-30,-0.0340472714955161,-0.0065154890621694,Recovery
AUT,2023-10-31,-0.0372677994142902,-0.0622371017709883,Recovery
AUT,2023-11-30,-0.0260638425164215,-0.0260595028372694,Recovery
AUT,2023-12-31,-0.0102207880168557,-0.115590256205604,Recovery
AUT,2024-01-31,-0.0412913607970114,-0.1581518854916926,Recovery
AUT,2024-02-29,-0.0539181193781216,-0.0700742558874885,Recovery
AUT,2024-03-31,-0.0623748075068458,-0.1095384774758755,Recovery
AUT,2024-04-30,-0.0449083035349692,-0.0759463836810484,Recovery
AUT,2024-05-31,-0.0420652539878777,-0.0669613044374289,Recovery
AUT,2024-06-30,-0.0486561235786094,-0.0904950179248267,Recovery
AUT,2024-07-31,-0.0516004920642314,-0.0846147187425948,Recovery
AUT,2024-08-31,-0.0516391986675175,-0.0842635036815678,Recovery
AUT,2024-09-30,-0.0523476210438828,-0.2017531136678292,Recovery
AUT,2024-10-31,-0.0706937108166792,-0.1127530028938339,Recovery
AUT,2024-11-30,-0.0517923606888782,-0.26920434011551,Recovery
AUT,2024-12-31,-0.0685065326541765,-0.1643224919584751,Recovery
BRA,2020-04-30,0.127177919835752,0.193010369919219,Crisis
BRA,2020-05-31,-0.0200350916699507,-0.0039808089374432,Crisis
BRA,2020-06-30,0.3578100609018851,0.1640869928096707,Crisis
BRA,2020-07-31,-0.0289676960572021,-0.009326320108554,Crisis
BRA,2020-08-31,0.0702777042959996,0.1160741705286412,Crisis
BRA,2020-09-30,-0.0373173266573922,-0.0374642478911604,Crisis
BRA,2020-10-31,0.0125000020439189,-0.0244805760131771,Crisis
BRA,2020-11-30,0.1776308599743429,0.1382892042449576,Crisis
BRA,2020-12-31,-0.0595459961597342,-0.0859254777931941,Crisis
BRA,2021-01-31,-0.0475237380259488,-0.0316310071518375,Crisis
BRA,2021-02-28,-0.0542530332406201,-0.0756115915237979,Crisis
BRA,2021-03-31,-0.0118252143221079,0.0023818222252759,Crisis
BRA,2021-04-30,0.0195057927834231,-0.0004359301072278,Crisis
BRA,2021-05-31,-0.0119663630322817,0.042921274051736,Crisis
BRA,2021-06-30,-0.0084921775019881,-0.0135919299587111,Crisis
BRA,2021-07-31,-0.0629516055999296,-0.0650610762102782,Crisis
BRA,2021-08-31,-0.0630997933623301,-0.0467467384136038,Crisis
BRA,2021-09-30,-0.0699055428281479,-0.0686548815037536,Crisis
BRA,2021-10-31,-0.1014844260311832,-0.0896666702812295,Crisis
BRA,2021-11-30,-0.0657041458832503,-0.0386844918131128,Crisis
BRA,2021-12-31,-0.0253277016124269,-0.020094238174796,Crisis
BRA,2022-01-31,-0.0231136918082713,0.0198235246961637,Recovery
BRA,2022-02-28,-0.0631209665819582,-0.0159795542809165,Recovery
BRA,2022-03-31,0.001198919197118,0.0832439842424852,Recovery
BRA,2022-04-30,-0.0801083216994384,-0.0697321846558493,Recovery
BRA,2022-05-31,-0.0600759565258717,-0.0177275527516183,Recovery
BRA,2022-06-30,-0.1212217537218085,-0.0605478622145906,Recovery
BRA,2022-07-31,0.0010443057447979,0.0119636635447529,Recovery
BRA,2022-08-31,0.0230378294922962,0.0363032087504137,Recovery
BRA,2022-09-30,-0.0504130106179425,-0.0019839026055361,Recovery
BRA,2022-10-31,-0.0268916670285838,-0.0741908048997534,Recovery
BRA,2022-11-30,-0.0991643875441856,-0.0625546155984057,Recovery
BRA,2022-12-31,-0.0627371676188336,0.0077281501128068,Recovery
BRA,2023-01-31,-0.0097228294811564,0.0091330679986503,Recovery
BRA,2023-02-28,-0.0806105253044448,-0.0382748226889253,Recovery
BRA,2023-03-31,-0.0603632681441311,-0.0433445510267083,Recovery
BRA,2023-04-30,-0.0273882819467129,-0.0991847015769105,Recovery
BRA,2023-05-31,0.0363957560003959,0.0471031880384896,Recovery
BRA,2023-06-30,0.0466389481691166,0.0731944007535232,Recovery
BRA,2023-07-31,-0.012285792300479,0.0209029378400112,Recovery
BRA,2023-08-31,-0.0737764939323044,-0.0955475187264393,Recovery
BRA,2023-09-30,-0.0410604162151308,0.034101277888759,Recovery
BRA,2023-10-31,-0.0849914724504982,-0.0862431650789817,Recovery
BRA,2023-11-30,0.0292974984436601,0.0702371555764444,Recovery
BRA,2023-12-31,-0.0004224086512756,0.0247957733531913,Recovery
BRA,2024-01-31,-0.0825631078892074,-0.0725946667914264,Recovery
BRA,2024-02-29,-0.0234974874702329,0.000253565030713,Recovery
BRA,2024-03-31,-0.0302471347057359,-0.0181247540629491,Recovery
BRA,2024-04-30,-0.0700644389754251,-0.0609888738729984,Recovery
BRA,2024-05-31,-0.0631180771478718,-0.0544017593704718,Recovery
BRA,2024-06-30,-0.0492640749458579,-0.0089644260884283,Recovery
BRA,2024-07-31,-0.026840774435245,0.003953773216565,Recovery
BRA,2024-08-31,-0.0144821452171561,0.0349940822378991,Recovery
BRA,2024-09-30,-0.062339952765729,-0.0463144836447221,Recovery
BRA,2024-10-31,-0.0436679398857035,-0.048417017734449,Recovery
BRA,2024-11-30,-0.0705667300501224,-0.0646745270417794,Recovery
BRA,2024-12-31,-0.0828377614521313,-0.0495360046710926,Recovery
BRB,2021-01-31,-0.4700653594771241,-0.1371786388403974,Crisis
BRB,2021-02-28,-0.4208455047062642,-0.0335338117660919,Crisis
BRB,2021-03-31,-0.3094796008589112,-0.0358427442467335,Crisis
BRB,2021-04-30,0.005,0.0085177125719688,Crisis
BRB,2021-05-31,-0.49609375,-0.1470707057499713,Crisis
BRB,2021-06-30,-0.3442157264814333,0.1512617765177962,Crisis
BRB,2021-07-31,-0.4965384615384615,-0.1639477739179056,Crisis
BRB,2021-08-31,-0.0187499999999999,-0.0311090020049726,Crisis
BRB,2021-09-30,-0.4119987582138977,-0.0048247167668091,Crisis
BRB,2021-10-31,-0.3260683854626103,-0.0443111515241973,Crisis
BRB,2021-11-30,0.1105263157894737,0.1945254146941847,Crisis
BRB,2021-12-31,-0.301761396529458,0.1161405323186082,Crisis
BRB,2022-01-31,-0.5415370735297609,-0.1763423696470029,Recovery
BRB,2022-02-28,-0.4904175152749491,-0.0840216447882689,Recovery
BRB,2022-03-31,-0.4732227722772277,-0.0489540122671628,Recovery
BRB,2022-04-30,-0.1546371679522429,0.0742709742005156,Recovery
BRB,2022-05-31,-0.2725023342670402,-0.1743225623878508,Recovery
BRB,2022-06-30,-0.2823474178403756,0.0007894166698639,Recovery
BRB,2022-07-31,0.0322061191626409,0.0220657557729047,Recovery
BRB,2022-08-31,-0.1517754557963535,0.0119302191495097,Recovery
BRB,2022-09-30,-0.3430517025507574,-0.0268336344392235,Recovery
BRB,2022-10-31,-0.1098054889421796,-0.021082809905755,Recovery
BRB,2022-11-30,-0.3819182769726247,0.1422224232257256,Recovery
BRB,2022-12-31,-0.6401210069034308,-0.0321509235414173,Recovery
BRB,2023-01-31,-0.3205789896643555,-0.0828798568299404,Recovery
BRB,2023-02-28,-0.2978346248501218,0.0470163804295956,Recovery
BRB,2023-03-31,-0.3835245334440505,0.0856877302550971,Recovery
BRB,2023-04-30,-0.5540994709274684,-0.3190254282204925,Recovery
BRB,2023-05-31,-0.4124908977675578,0.1038082486256711,Recovery
BRB,2023-06-30,-0.483545632230459,-0.1434578113013809,Recovery
BRB,2023-07-31,-0.4590943834122004,-0.0449011769299583,Recovery
BRB,2023-08-31,-0.5008953228988072,-0.1255131675460348,Recovery
BRB,2023-09-30,-0.4260682809709249,0.0801200848253233,Recovery
BRB,2023-10-31,-0.5413287977345478,-0.2483512083387019,Recovery
BRB,2023-11-30,-0.1498724489795918,-0.0440284674327163,Recovery
BRB,2023-12-31,-0.0372005355969645,0.0033397189265371,Recovery
BRB,2024-01-31,-0.1247259802797523,-0.0085091450730049,Recovery
BRB,2024-02-29,-0.659797735267009,-0.0842061466384915,Recovery
BRB,2024-03-31,-0.4980179546566101,-0.1254693527071974,Recovery
BRB,2024-04-30,-0.35276138458331,-0.0976919026703661,Recovery
BRB,2024-05-31,-0.3068335782007728,0.0025239196301899,Recovery
BRB,2024-06-30,-0.3799829411764706,-0.1752607441856209,Recovery
BRB,2024-07-31,-0.2989733987835911,-0.0640146600206421,Recovery
BRB,2024-08-31,-0.4183940518356102,-0.081988348467652,Recovery
BRB,2024-09-30,-0.4214919604205319,-0.0823044004053644,Recovery
BRB,2024-10-31,-0.4210160474446189,-0.0822055296987907,Recovery
BRB,2024-11-30,-0.419306349527687,0.1283962741250854,Recovery
BRB,2024-12-31,-0.3909779391982781,-0.2038703849478822,Recovery
DEU,2020-03-31,-0.1691887258327414,-0.103267195843157,Crisis
DEU,2020-04-30,0.0160315558119455,0.0389038124506333,Crisis
DEU,2020-05-31,-0.082897975669768,-0.004978601885029,Crisis
DEU,2020-06-30,-0.0280646111929625,0.0024984851098737,Crisis
DEU,2020-07-31,-0.0015465899186141,-0.0039660772741179,Crisis
DEU,2020-08-31,0.0218310739176809,0.0289400941175977,Crisis
DEU,2020-09-30,-0.0388539135951927,-0.0332858088220956,Crisis
DEU,2020-10-31,-0.0503556315205303,-0.051274987241884,Crisis
DEU,2020-11-30,0.0270859667771324,-0.0075649207106141,Crisis
DEU,2020-12-31,-0.0313987618423086,-0.0744032614881798,Crisis
DEU,2021-01-31,0.0042099337990476,-0.2959233821876372,Crisis
DEU,2021-02-28,-0.0110582960525965,-0.0170406746080475,Crisis
DEU,2021-03-31,-0.0066554337106067,-0.3013380748607809,Crisis
DEU,2021-04-30,-0.0155571651097756,-0.3398063311279158,Crisis
DEU,2021-05-31,-0.0131757371600827,-0.2922533332912594,Crisis
DEU,2021-06-30,-0.0088796163571936,-0.2206113051940745,Crisis
DEU,2021-07-31,-0.0230354052081613,-0.1082572445142249,Crisis
DEU,2021-08-31,-0.0139424275720375,-0.1197185053762009,Crisis
DEU,2021-09-30,-0.0310688661901188,-0.1646809816268346,Crisis
DEU,2021-10-31,-0.0229648011056489,-0.1021669700012253,Crisis
DEU,2021-11-30,-0.0340446283257152,-0.1459917337421173,Crisis
DEU,2021-12-31,-0.023797026634115,-0.1287952708684691,Crisis
DEU,2022-01-31,-0.0365471853015887,-0.0930890100486672,Recovery
DEU,2022-02-28,-0.0362504927655815,-0.1161820959289703,Recovery
DEU,2022-03-31,-0.0222385540417275,-0.0985895443343608,Recovery
DEU,2022-04-30,-0.030146111001455,-0.3004273510044443,Recovery
DEU,2022-05-31,-0.0407921233710696,-0.1158926256332891,Recovery
DEU,2022-06-30,-0.0648883897082715,-0.1307478896109949,Recovery
DEU,2022-07-31,-0.0201942332474785,-0.1076945569047555,Recovery
DEU,2022-08-31,-0.0439171487254749,-0.1174073525998507,Recovery
DEU,2022-09-30,-0.0721789613477286,-0.12580400644675,Recovery
DEU,2022-10-31,-0.0067972840484429,-0.0750936103546809,Recovery
DEU,2022-11-30,-0.0085439045693571,-0.1415401474684824,Recovery
DEU,2022-12-31,-0.0412487041534626,-0.1660514941745526,Recovery
DEU,2023-01-31,-0.0008006771273649,-0.1530558597318023,Recovery
DEU,2023-02-28,-0.0320426383690435,-0.1466606102060841,Recovery
DEU,2023-03-31,-0.0467466389378974,-0.1998447096587206,Recovery
DEU,2023-04-30,-0.0335325334668351,-0.1991808871776048,Recovery
DEU,2023-05-31,-0.0422436687551166,-0.2183336881844167,Recovery
DEU,2023-06-30,-0.0350090546671689,-0.1629514644589692,Recovery
DEU,2023-07-31,-0.0373585854737975,-0.2122935687222829,Recovery
DEU,2023-08-31,-0.0526488686315796,-0.1726046865079422,Recovery
DEU,2023-09-30,-0.0442855816986897,-0.2119913218894498,Recovery
DEU,2023-10-31,-0.0646907301554132,-0.2266692822595324,Recovery
DEU,2023-11-30,-0.0257951723638634,-0.1580681768515825,Recovery
DEU,2023-12-31,-0.0266239837736904,-0.0946396802729524,Recovery
DEU,2024-01-31,-0.0447914746675643,-0.1620404323279531,Recovery
DEU,2024-02-29,-0.0514915856235968,-0.3752141153244031,Recovery
DEU,2024-03-31,-0.025650554018647,-0.1924321030443133,Recovery
DEU,2024-04-30,-0.0377789256127602,-0.1569941328180011,Recovery
DEU,2024-05-31,-0.0310680174759125,-0.1439302909213029,Recovery
DEU,2024-06-30,-0.0546247136038722,-0.1627708852343391,Recovery
DEU,2024-07-31,-0.0515948455626741,-0.2141671169138753,Recovery
DEU,2024-08-31,-0.0494869189545159,-0.1507252164745329,Recovery
DEU,2024-09-30,-0.0413730453832321,-0.1558247232995383,Recovery
DEU,2024-10-31,-0.0494860598267321,-0.1668319676297127,Recovery
DEU,2024-11-30,-0.0540178947893032,-0.1564080213268073,Recovery
DEU,2024-12-31,-0.0470838847239879,-0.1608264644954951,Recovery
FIN,2020-09-30,-0.0322290445906712,-0.0315444886828896,Crisis
FIN,2020-10-31,0.0115073861490474,0.0151022217148017,Crisis
FIN,2020-11-30,0.1134330505807365,0.0257559748967569,Crisis
FIN,2020-12-31,-0.0719645783558753,-0.1347085770873569,Crisis
FIN,2021-01-31,-0.0295925494704785,-0.1061565076342685,Crisis
FIN,2021-02-28,-0.0298367072962257,-0.0196409839763647,Crisis
FIN,2021-03-31,-0.0305294079130725,-0.0958382843941817,Crisis
FIN,2021-04-30,-0.0050562862784157,-0.1609063208773982,Crisis
FIN,2021-05-31,-0.0445458351133674,-0.1303949857789864,Crisis
FIN,2021-06-30,-0.0328131232928304,-0.1172436851300296,Crisis
FIN,2021-07-31,-0.0228732302959987,-0.104081098356542,Crisis
FIN,2021-08-31,-0.0429027583884952,-0.0391920178045684,Crisis
FIN,2021-09-30,-0.0679019973117268,-0.099489761352548,Crisis
FIN,2021-10-31,-0.0272962432950595,-0.1183426461809627,Crisis
FIN,2021-11-30,-0.0648590052112652,-0.1091707423516787,Crisis
FIN,2021-12-31,-0.025507942181264,-0.1128911837153267,Crisis
FIN,2022-01-31,-0.0505192047380528,-0.0954432208500104,Recovery
FIN,2022-02-28,-0.0750276565006774,-0.0713828879117986,Recovery
FIN,2022-03-31,-0.0380898139279536,-0.1205903798820107,Recovery
FIN,2022-04-30,-0.0655147828538069,-0.1673328775690293,Recovery
FIN,2022-05-31,-0.0490358250254665,-0.1359449089199912,Recovery
FIN,2022-06-30,-0.0706768019304678,-0.1726873299879147,Recovery
FIN,2022-07-31,-0.0254207797610857,-0.1482523702675927,Recovery
FIN,2022-08-31,-0.0711235307620437,-0.1904680118096495,Recovery
FIN,2022-09-30,-0.0794045427782087,-0.1385394871438677,Recovery
FIN,2022-10-31,-0.029604705316974,-0.1699767482465217,Recovery
FIN,2022-11-30,-0.0072918652274342,-0.1174885277382748,Recovery
FIN,2022-12-31,-0.0476192435993247,-0.1370981371944153,Recovery
FIN,2023-01-31,-0.0066349430053828,-0.1485389100977742,Recovery
FIN,2023-02-28,-0.0346246759814011,-0.1711794670434297,Recovery
FIN,2023-03-31,-0.0529171287561096,-0.1970331761452028,Recovery
FIN,2023-04-30,-0.0366046246664234,-0.1370316765397843,Recovery
FIN,2023-05-31,-0.0513870587735769,-0.1287952250465051,Recovery
FIN,2023-06-30,-0.0407744988310795,-0.1688570256236081,Recovery
FIN,2023-07-31,-0.0397345883715774,-0.1321456693906671,Recovery
FIN,2023-08-31,-0.0464770597531011,-0.1933517513203934,Recovery
FIN,2023-09-30,-0.0482035500138663,-0.1431498710801244,Recovery
FIN,2023-10-31,-0.0715183974635325,-0.1791669977169621,Recovery
FIN,2023-11-30,-0.0227989738815296,-0.1569650691899511,Recovery
FIN,2023-12-31,-0.030933145465398,-0.1346638599932879,Recovery
FIN,2024-01-31,-0.0212165966035963,-0.1579886030916706,Recovery
FIN,2024-02-29,-0.0580889354612885,-0.134695855741788,Recovery
FIN,2024-03-31,-0.0182976039575888,-0.1150946667441643,Recovery
FIN,2024-04-30,-0.0276692397388685,-0.0993991819635442,Recovery
FIN,2024-05-31,0.0019955046405068,0.0594634413012926,Recovery
FIN,2024-06-30,-0.0363559726075337,-0.1633404070696321,Recovery
FIN,2024-07-31,-0.0296537300907939,-0.1683948757368216,Recovery
FIN,2024-08-31,-0.0283327004561219,-0.1452352900263158,Recovery
FIN,2024-09-30,-0.0323810166309577,-0.1123280545180886,Recovery
FIN,2024-10-31,-0.0577475777714473,-0.2253737320630389,Recovery
FIN,2024-11-30,-0.0456504739522582,-0.1802250723246499,Recovery
FIN,2024-12-31,-0.0439521795600002,-0.2312262734215807,Recovery
FRA,2020-03-31,-0.0503103172681096,-0.0012367734966457,Crisis
FRA,2020-04-30,0.0736360067265241,0.0126748163107584,Crisis
FRA,2020-05-31,0.0198749895890104,0.0100779721403848,Crisis
FRA,2020-06-30,0.0481554491669621,0.0685698883863903,Crisis
FRA,2020-07-31,0.0008217344714351,0.0223151772031174,Crisis
FRA,2020-08-31,0.0055602633266109,0.0152695642087026,Crisis
FRA,2020-09-30,-0.0074888534573586,0.0280386399034107,Crisis
FRA,2020-10-31,-0.0137110575223464,0.0096875187070024,Crisis
FRA,2020-11-30,0.0991095307043464,0.0322068668503158,Crisis
FRA,2020-12-31,-0.0184079705325262,-0.0806723758794637,Crisis
FRA,2021-01-31,-0.0091758561267845,-0.0710977281148468,Crisis
FRA,2021-02-28,0.007610977750467,-0.0571247455641191,Crisis
FRA,2021-03-31,-0.000222068210169,-0.0708277195737447,Crisis
FRA,2021-04-30,-0.0014384257023842,-0.0494170090697465,Crisis
FRA,2021-05-31,-0.0201214041512479,-0.0668816150080443,Crisis
FRA,2021-06-30,-0.0226200698838331,-0.0663309573132798,Crisis
FRA,2021-07-31,-0.0210203665580812,-0.0759017965124557,Crisis
FRA,2021-08-31,-0.0060260215799224,-0.0856456029417461,Crisis
FRA,2021-09-30,-0.0213663986771916,-0.0803924860851065,Crisis
FRA,2021-10-31,-0.0145610239842567,-0.0705812079495897,Crisis
FRA,2021-11-30,-0.0330839229782423,-0.0843734166958662,Crisis
FRA,2021-12-31,-0.0086230633637456,-0.0829957592735829,Crisis
FRA,2022-01-31,-0.0253791709011131,-0.0691952039763866,Recovery
FRA,2022-02-28,-0.0430905085242879,-0.1008268967626673,Recovery
FRA,2022-03-31,-0.0063816751753704,-0.0845931331709237,Recovery
FRA,2022-04-30,-0.0249668792739725,-0.0637241093738643,Recovery
FRA,2022-05-31,-0.0225814794111048,-0.0885133333946843,Recovery
FRA,2022-06-30,-0.0565072084216739,-0.0821392279705279,Recovery
FRA,2022-07-31,-0.0058239721798921,-0.0477591157087873,Recovery
FRA,2022-08-31,-0.0225761443846654,-0.0850080300613378,Recovery
FRA,2022-09-30,-0.0689800904175383,-0.0869310543356824,Recovery
FRA,2022-10-31,-0.0040971569033669,-0.062985108930352,Recovery
FRA,2022-11-30,-0.0171194447742864,-0.0547915140765559,Recovery
FRA,2022-12-31,-0.0247675691340907,-0.0771125255062053,Recovery
FRA,2023-01-31,0.0046728558674927,-0.0474694521718538,Recovery
FRA,2023-02-28,-0.0158283088378465,-0.0648273812834621,Recovery
FRA,2023-03-31,-0.04161864569705,-0.07505383104398,Recovery
FRA,2023-04-30,-0.0290783636640046,-0.0761904537186955,Recovery
FRA,2023-05-31,-0.0274660934953035,-0.0703290857228484,Recovery
FRA,2023-06-30,-0.0203948211385389,-0.0622907506351343,Recovery
FRA,2023-07-31,-0.0208258252366814,-0.0707873934958766,Recovery
FRA,2023-08-31,-0.0350438104718742,-0.093217708471302,Recovery
FRA,2023-09-30,-0.0521295412893721,-0.0828533880768608,Recovery
FRA,2023-10-31,-0.0553626855013598,-0.0808967695579634,Recovery
FRA,2023-11-30,-0.0119777415275298,-0.0712799826189363,Recovery
FRA,2023-12-31,-0.01252358628298,-0.0884031264587538,Recovery
FRA,2024-01-31,-0.0220565011069748,-0.0841799321568111,Recovery
FRA,2024-02-29,-0.0318628423999175,-0.0926628678503884,Recovery
FRA,2024-03-31,-0.025549839656472,-0.0607643221815474,Recovery
FRA,2024-04-30,-0.0153656067813823,-0.0241529937561058,Recovery
FRA,2024-05-31,0.0001578236700158,-0.0460232486313383,Recovery
FRA,2024-06-30,-0.0659387243415513,-0.0672116266299085,Recovery
FRA,2024-07-31,-0.0091695093278221,-0.0342882728085132,Recovery
FRA,2024-08-31,-0.0249460429532109,-0.0704951745621691,Recovery
FRA,2024-09-30,-0.0291683548117426,-0.0849484614952857,Recovery
FRA,2024-10-31,-0.0358999896631892,-0.0807368421578643,Recovery
FRA,2024-11-30,-0.0375510025391405,-0.0637444566128675,Recovery
FRA,2024-12-31,-0.0190868725872718,-0.0809221985529267,Recovery
GBR,2020-03-31,-0.037083568692228,-0.0093728315497858,Crisis
GBR,2020-04-30,0.0602223985714806,0.0103495501568134,Crisis
GBR,2020-05-31,0.0006130603932686,0.0115817280181054,Crisis
GBR,2020-06-30,-0.0096510916221482,0.0101410961695047,Crisis
GBR,2020-07-31,-0.0163537530073493,-0.0077960077509185,Crisis
GBR,2020-08-31,0.0251177737850216,0.0036736597086836,Crisis
GBR,2020-09-30,-0.0333967900874101,-0.0099068407704029,Crisis
GBR,2020-10-31,-0.0201187806826663,0.0336513983767848,Crisis
GBR,2020-11-30,0.0623286215959522,0.0381936974141218,Crisis
GBR,2020-12-31,0.0115228020625857,-0.0784013845499183,Crisis
GBR,2021-01-31,-0.0105483990547054,-0.1023630877001043,Crisis
GBR,2021-02-28,0.0072337646815899,-0.0721547222299828,Crisis
GBR,2021-03-31,-0.0008032951885022,-0.0682630430060502,Crisis
GBR,2021-04-30,0.0113787547110061,-0.0590849226921458,Crisis
GBR,2021-05-31,-0.0221288736489741,-0.1197173129699933,Crisis
GBR,2021-06-30,-0.0298582714884298,-0.1168910586010108,Crisis
GBR,2021-07-31,-0.0296318256702073,-0.0830120624018413,Crisis
GBR,2021-08-31,-0.0103472132743643,-0.1020559497951731,Crisis
GBR,2021-09-30,-0.0368101621767526,-0.1064892006139945,Crisis
GBR,2021-10-31,-0.0289432785584679,-0.0794554651547197,Crisis
GBR,2021-11-30,-0.0502889773642674,-0.0806174139308161,Crisis
GBR,2021-12-31,-0.0169388431407431,-0.0682596480273479,Crisis
GBR,2022-01-31,-0.0498553729981062,-0.0987442060793495,Recovery
GBR,2022-02-28,-0.0556227651973902,-0.0988437094973057,Recovery
GBR,2022-03-31,-0.0289933226577941,-0.0554919237917319,Recovery
GBR,2022-04-30,-0.0291107152238243,-0.0815799199292614,Recovery
GBR,2022-05-31,-0.0494041390767268,-0.0514989353675455,Recovery
GBR,2022-06-30,-0.0789044835951512,-0.1037999308212799,Recovery
GBR,2022-07-31,-0.0140984844968234,-0.0781870209249146,Recovery
GBR,2022-08-31,-0.0452516818289551,-0.070585348520944,Recovery
GBR,2022-09-30,-0.0838662952898431,-0.0731240138835539,Recovery
GBR,2022-10-31,-0.020494445349226,-0.0460468892302696,Recovery
GBR,2022-11-30,-0.0060661784975585,-0.1295693381887481,Recovery
GBR,2022-12-31,-0.0440436433495284,-0.1506560610462374,Recovery
GBR,2023-01-31,-0.009284818687725,-0.1257075678677745,Recovery
GBR,2023-02-28,-0.0324550045254533,-0.1183892812779316,Recovery
GBR,2023-03-31,-0.0622870028184575,-0.1334063946934362,Recovery
GBR,2023-04-30,-0.0147903034485078,-0.1057022324955731,Recovery
GBR,2023-05-31,-0.042891194155,-0.1276396297867882,Recovery
GBR,2023-06-30,-0.0468465546259361,-0.1267873347710795,Recovery
GBR,2023-07-31,-0.0215219088152112,-0.1251157920874141,Recovery
GBR,2023-08-31,-0.0451173908754579,-0.1407692465881831,Recovery
GBR,2023-09-30,-0.0401213747343802,-0.1170507550524766,Recovery
GBR,2023-10-31,-0.0663589391467706,-0.1232510604618732,Recovery
GBR,2023-11-30,-0.0147929137449553,-0.0905075195465359,Recovery
GBR,2023-12-31,-0.0051173422023254,-0.1220571414335751,Recovery
GBR,2024-01-31,-0.0333513517016695,-0.0655537866836155,Recovery
GBR,2024-02-29,-0.0433004497075603,-0.0891456493603988,Recovery
GBR,2024-03-31,-0.0341992099564707,-0.2402056909383055,Recovery
GBR,2024-04-30,-0.0242295578564851,-0.0983158374403722,Recovery
GBR,2024-05-31,-0.0120406423219041,-0.1292044103689286,Recovery
GBR,2024-06-30,-0.0390505119923487,-0.101487371182256,Recovery
GBR,2024-07-31,-0.0201064514204007,-0.089520663366016,Recovery
GBR,2024-08-31,-0.0428605042848764,-0.163552882335831,Recovery
GBR,2024-09-30,-0.0524982133638069,-0.1751069937654412,Recovery
GBR,2024-10-31,-0.0530076712783686,-0.1773114402727255,Recovery
GBR,2024-11-30,-0.0360837956760291,-0.1209233523115272,Recovery
GBR,2024-12-31,-0.0393637745151396,-0.12375574937645,Recovery
IND,2020-03-31,-0.4449601256685982,-0.4005449591755644,Crisis
IND,2020-04-30,0.1083012956523473,0.148059366092096,Crisis
IND,2020-05-31,-0.0126780416113975,-0.0093628811703036,Crisis
IND,2020-06-30,0.1465854868070704,0.1008709038479867,Crisis
IND,2020-07-31,0.0011365432485135,0.0443354329454972,Crisis
IND,2020-08-31,0.0935633518697819,0.0858052921275687,Crisis
IND,2020-09-30,-0.0034721160620967,0.0631492728995243,Crisis
IND,2020-10-31,0.0019241936191038,0.051784826713138,Crisis
IND,2020-11-30,0.0699796581870854,0.1421506185538374,Crisis
IND,2020-12-31,0.1140437102271133,0.1229749245205946,Crisis
IND,2021-01-31,0.0268228620919055,0.0221999438733755,Crisis
IND,2021-02-28,0.0500953062100154,0.1374188692615851,Crisis
IND,2021-03-31,-0.0039915684904981,0.0619446799541001,Crisis
IND,2021-04-30,0.046165228691414,-5.4555965782892965e-05,Crisis
IND,2021-05-31,0.1250946685178166,0.0619545673824533,Crisis
IND,2021-06-30,0.1260775832784433,0.0206725013526848,Crisis
IND,2021-07-31,0.094001652151314,0.0463918947237285,Crisis
IND,2021-08-31,-0.0365644277710573,0.0549822117339564,Crisis
IND,2021-09-30,0.0445053500710525,0.0675730174808085,Crisis
IND,2021-10-31,0.0229269823617446,0.0139365834488068,Crisis
IND,2021-11-30,0.023899725022067,0.0005780453620142,Crisis
IND,2021-12-31,0.1288603119881762,0.0301849753489674,Crisis
IND,2022-01-31,0.0585080475938067,0.0263295181815535,Recovery
IND,2022-02-28,-0.0788865100019423,-0.0458171736359926,Recovery
IND,2022-03-31,0.0236007232825715,0.0576200816649598,Recovery
IND,2022-04-30,0.0661813804951292,0.0163821582602381,Recovery
IND,2022-05-31,-0.0731046224943256,-0.0543091564188381,Recovery
IND,2022-06-30,-0.0384814090752926,-0.0519761264398903,Recovery
IND,2022-07-31,0.0529947117418663,0.096868459228061,Recovery
IND,2022-08-31,0.0665283722306367,0.0503725453060699,Recovery
IND,2022-09-30,0.0210539454240911,-0.0135462251200204,Recovery
IND,2022-10-31,0.0186180373842354,0.0486207505620153,Recovery
IND,2022-11-30,0.0223090983524292,0.050165573430732,Recovery
IND,2022-12-31,0.0118242189358824,-0.0128246694779811,Recovery
IND,2023-01-31,0.0011291919683742,-0.0140091308734828,Recovery
IND,2023-02-28,-0.0602900087151457,-0.028397210326264,Recovery
IND,2023-03-31,-0.0395926953847751,0.0036119920548928,Recovery
IND,2023-04-30,0.1014555503864033,0.0701445688408098,Recovery
IND,2023-05-31,0.0277886622931261,0.0538745049291362,Recovery
IND,2023-06-30,0.053287608385041,0.0620937746004791,Recovery
IND,2023-07-31,0.0350540713239888,0.0532912874087898,Recovery
IND,2023-08-31,0.0610471108541309,0.0060277815327478,Recovery
IND,2023-09-30,0.0363761682092835,0.0476212137036526,Recovery
IND,2023-10-31,0.016649649586998,-0.0255022988654628,Recovery
IND,2023-11-30,0.0744372694926129,0.083703068807697,Recovery
IND,2023-12-31,0.0672159005679462,0.1021701900683188,Recovery
IND,2024-01-31,0.1054818803596221,0.059182789410251,Recovery
IND,2024-02-29,0.0074679721716278,0.0333327058309512,Recovery
IND,2024-03-31,-0.0743778789362093,0.0084711414713538,Recovery
IND,2024-04-30,0.1119780404618756,0.058040184563921,Recovery
IND,2024-05-31,-0.0145425429003976,0.0156472874767518,Recovery
IND,2024-06-30,0.0761986359056279,0.075812307990743,Recovery
IND,2024-07-31,0.0678998557850356,0.0614753219142876,Recovery
IND,2024-08-31,0.0339660867923056,0.0140160024315825,Recovery
IND,2024-09-30,0.0202204808984136,0.0232510049113573,Recovery
IND,2024-10-31,-0.0183731453625859,-0.062404530969159,Recovery
IND,2024-11-30,0.009151632590962,-0.0003937570966767,Recovery
IND,2024-12-31,0.0236647512368783,-0.0091925788045836,Recovery
JPN,2020-03-31,-0.8934239571503143,-0.0164639595026578,Crisis
JPN,2020-04-30,0.0462095335531246,0.0435040616199129,Crisis
JPN,2020-05-31,0.0631928850406455,0.0640921119142053,Crisis
JPN,2020-06-30,-0.0212800206308809,-0.0017841655484308,Crisis
JPN,2020-07-31,-0.0779275593429346,-0.0231756874098203,Crisis
JPN,2020-08-31,0.0524513673352004,0.0892660527568334,Crisis
JPN,2020-09-30,0.0152070123262548,0.0188068205657808,Crisis
JPN,2020-10-31,-0.0696711965346907,-0.0203813218206157,Crisis
JPN,2020-11-30,0.0236574892496211,0.0994802429550486,Crisis
JPN,2020-12-31,-0.0181350054465687,0.0295084127218661,Crisis
JPN,2021-01-31,-0.0252761881332743,0.0136891991313618,Crisis
JPN,2021-02-28,-0.005526044060758,0.0414816407544134,Crisis
JPN,2021-03-31,0.0187230727094829,0.0486167677475654,Crisis
JPN,2021-04-30,-0.0637845511917275,-0.0286012878463436,Crisis
JPN,2021-05-31,-0.0379544083705462,0.0214738111008041,Crisis
JPN,2021-06-30,-0.0135442623761606,0.0199612560618532,Crisis
JPN,2021-07-31,-0.0583723821179338,-0.0205342400160733,Crisis
JPN,2021-08-31,-0.0255070276051576,0.0297288964951316,Crisis
JPN,2021-09-30,-0.020332043895886,0.038810239408031,Crisis
JPN,2021-10-31,-0.0623413665512543,-0.0201738267176353,Crisis
JPN,2021-11-30,-0.0978480462205965,-0.0363200130354136,Crisis
JPN,2021-12-31,-0.025743020863532,0.0320354530553773,Crisis
JPN,2022-01-31,-0.1077812317988,-0.0474585437795346,Recovery
JPN,2022-02-28,-0.0353836299203191,-0.0003012886228021,Recovery
JPN,2022-03-31,-0.0156703295756816,0.0261976849213828,Recovery
JPN,2022-04-30,-0.0737267703074302,-0.0178376668233051,Recovery
JPN,2022-05-31,-0.039627075796,0.0061992785944201,Recovery
JPN,2022-06-30,-0.0494573863618374,-0.0162577811505596,Recovery
JPN,2022-07-31,-0.0165595966269289,0.0362713195038087,Recovery
JPN,2022-08-31,-0.028267549004114,0.0086831664637087,Recovery
JPN,2022-09-30,-0.092569862721509,-0.065618713740413,Recovery
JPN,2022-10-31,-0.0280020472965062,0.0412190119129964,Recovery
JPN,2022-11-30,-0.0217635982147813,0.0205807641892187,Recovery
JPN,2022-12-31,-0.083336014992213,-0.053209070240844,Recovery
JPN,2023-01-31,-0.0150156086268218,0.0307599485436686,Recovery
JPN,2023-02-28,-0.0298248520506182,0.0033175111871654,Recovery
JPN,2023-03-31,-0.0472150764793274,-0.0079254206368857,Recovery
JPN,2023-04-30,-0.0432957857031693,-0.0154651893923824,Recovery
JPN,2023-05-31,-0.056092103859086,0.0196831906326957,Recovery
JPN,2023-06-30,0.0016406566186699,0.0679083131291713,Recovery
JPN,2023-07-31,-0.048948424916078,0.0138360636830779,Recovery
JPN,2023-08-31,-0.0458175036955438,0.0041298175190588,Recovery
JPN,2023-09-30,-0.0513342754522967,-0.0182765756052364,Recovery
JPN,2023-10-31,-0.1033790284834248,-0.0462445021794676,Recovery
JPN,2023-11-30,-0.0168673775817677,0.0454802041715523,Recovery
JPN,2023-12-31,-0.0566023412451625,-0.0191624177243449,Recovery
JPN,2024-01-31,-0.01576499778657,0.0484382813397225,Recovery
JPN,2024-02-29,-0.0366210671055865,0.0354837701584023,Recovery
JPN,2024-03-31,-0.0312741167240205,0.0497270714123358,Recovery
JPN,2024-04-30,-0.09156849110096,-0.0553603751140105,Recovery
JPN,2024-05-31,-0.06042468513082,0.0038981733137147,Recovery
JPN,2024-06-30,-0.0267444770740573,0.0092635694480624,Recovery
JPN,2024-07-31,-0.0663933915836803,-0.0142514787443021,Recovery
JPN,2024-08-31,-0.0853430229093294,-0.0353793161784386,Recovery
JPN,2024-09-30,-0.0758434426107828,-0.0265355075529226,Recovery
JPN,2024-10-31,-0.078924129504225,-0.0105014869853965,Recovery
JPN,2024-11-30,-0.0556436698934505,-0.0051622666617189,Recovery
JPN,2024-12-31,-0.0469622909220468,0.0182550715606534,Recovery
LBR,2023-01-31,0.0,0.0,Recovery
LBR,2023-02-28,0.1111111111111111,0.1111111111111111,Recovery
LBR,2023-03-31,-0.075,-0.075,Recovery
LBR,2023-04-30,0.0270270270270269,0.0270270270270269,Recovery
LBR,2023-05-31,-0.0263157894736841,-0.0263157894736841,Recovery
LBR,2023-06-30,0.0,0.0,Recovery
LBR,2023-07-31,-0.054054054054054,-0.054054054054054,Recovery
LBR,2023-08-31,0.0,0.0,Recovery
LBR,2023-09-30,0.0,0.0,Recovery
LBR,2023-10-31,-0.1257142857142856,-0.1257142857142856,Recovery
LBR,2023-11-30,-0.0522875816993464,-0.0522875816993464,Recovery
LBR,2023-12-31,0.0,0.0,Recovery
LBR,2024-01-31,0.0,0.0,Recovery
LBR,2024-02-29,0.0,0.0,Recovery
LBR,2024-03-31,-0.3448275862068964,-0.3448275862068964,Recovery
LBR,2024-04-30,-0.7305263157894737,-0.7305263157894737,Recovery
LBR,2024-05-31,-0.0625,-0.0625,Recovery
LBR,2024-06-30,-0.0999999999999999,-0.0999999999999999,Recovery
LBR,2024-07-31,0.0,0.0,Recovery
LBR,2024-08-31,0.0,0.0,Recovery
LBR,2024-09-30,-0.0277777777777777,-0.0277777777777777,Recovery
LBR,2024-10-31,-0.019047619047619,-0.019047619047619,Recovery
LBR,2024-11-30,-0.2912621359223301,-0.2912621359223301,Recovery
LBR,2024-12-31,-0.136986301369863,-0.136986301369863,Recovery
SAU,2020-04-30,0.1328710491243679,0.1480781514135497,Crisis
SAU,2020-05-31,-0.003278096271852,-0.0336012876636054,Crisis
SAU,2020-06-30,-0.001464663790474,-0.0013228537663092,Crisis
SAU,2020-07-31,0.1093160452757622,0.0555664867254684,Crisis
SAU,2020-08-31,0.1002719464684315,0.0965765945666862,Crisis
SAU,2020-09-30,0.1100678503556066,0.0337745742767502,Crisis
SAU,2020-10-31,-0.121818151082357,-0.1091475518025587,Crisis
SAU,2020-11-30,0.2219876362096739,0.099626812782491,Crisis
SAU,2020-12-31,0.0167805811666232,0.0201384632993587,Crisis
SAU,2021-01-31,0.0107087096562185,-0.0058453321980392,Crisis
SAU,2021-02-28,0.0459443311827129,0.0095778277085229,Crisis
SAU,2021-03-31,0.0616272831190309,0.0568081319048176,Crisis
SAU,2021-04-30,0.0248235539095044,0.0034550984414079,Crisis
SAU,2021-05-31,0.0548795692333487,0.0011610097735274,Crisis
SAU,2021-06-30,0.0563963341252323,0.0071453509524457,Crisis
SAU,2021-07-31,0.0034711952860768,-0.0026478317704006,Crisis
SAU,2021-08-31,-0.0208982359734278,0.0142674591393178,Crisis
SAU,2021-09-30,-0.0027465762876328,0.0233940064791625,Crisis
SAU,2021-10-31,-0.0308572024912405,0.0413699432454721,Crisis
SAU,2021-11-30,-0.1080676966299258,-0.0850362622882845,Crisis
SAU,2021-12-31,0.0301504558220497,0.0373393249379079,Crisis
SAU,2022-01-31,0.0511692338981914,0.0584055518608758,Recovery
SAU,2022-02-28,-0.0300689515137671,0.0858468750789673,Recovery
SAU,2022-03-31,0.0041973086439718,0.0413610353860849,Recovery
SAU,2022-04-30,-0.0125523525087525,0.0429211039032653,Recovery
SAU,2022-05-31,-0.0611800881914997,-0.0739410040453774,Recovery
SAU,2022-06-30,-0.1180762604384096,-0.0827357836953266,Recovery
SAU,2022-07-31,0.0404716981272064,0.0340540559539168,Recovery
SAU,2022-08-31,0.041416857518498,-0.0342387594409369,Recovery
SAU,2022-09-30,-0.0699063339926207,-0.054929184990107,Recovery
SAU,2022-10-31,0.0112876392005099,-0.0097934655146098,Recovery
SAU,2022-11-30,-0.059784637948757,-0.0478160503728883,Recovery
SAU,2022-12-31,-0.0479381741468422,-0.0371980703915582,Recovery
SAU,2023-01-31,0.0672115148714629,0.0280801896747639,Recovery
SAU,2023-02-28,-0.0164560630438464,-0.0408129673352028,Recovery
SAU,2023-03-31,0.0422376936435888,0.0294455219189295,Recovery
SAU,2023-04-30,0.07028689113137,0.1052851460553468,Recovery
SAU,2023-05-31,0.0079914488721887,-0.1030075795799601,Recovery
SAU,2023-06-30,-0.0163893849355102,0.0268504486565667,Recovery
SAU,2023-07-31,-0.0379882264393607,0.0111094655864677,Recovery
SAU,2023-08-31,-0.0308914469297909,0.0463720645554772,Recovery
SAU,2023-09-30,-0.0262307987585074,-0.0102041332189588,Recovery
SAU,2023-10-31,-0.0729954294706724,-0.0410237093264465,Recovery
SAU,2023-11-30,0.0515333632032238,0.0128617467171047,Recovery
SAU,2023-12-31,0.0491186066045762,0.0182546490438166,Recovery
SAU,2024-01-31,0.0059075191819766,-0.0511962167354567,Recovery
SAU,2024-02-29,0.0904690964880997,0.049728813410796,Recovery
SAU,2024-03-31,-0.0009455759512347,-0.0203623499282873,Recovery
SAU,2024-04-30,0.0109089005639482,-0.0132676008960523,Recovery
SAU,2024-05-31,-0.0727585424747165,-0.050371921344281,Recovery
SAU,2024-06-30,0.0113401487447397,-0.0186218015600794,Recovery
SAU,2024-07-31,0.0210366427845376,0.0094350675369876,Recovery
SAU,2024-08-31,-0.0035617159521763,0.0111682401227969,Recovery
SAU,2024-09-30,0.0069684673517279,-0.0107545466673471,Recovery
SAU,2024-10-31,-0.0049156564322255,-0.0075189706981633,Recovery
SAU,2024-11-30,-0.0079119448438365,-0.0012035102488228,Recovery
SAU,2024-12-31,0.0241472435717006,0.022778920335945,Recovery
TZA,2020-04-30,0.0,0.0,Crisis
TZA,2020-05-31,0.0,0.0,Crisis
TZA,2020-06-30,0.0,0.0,Crisis
TZA,2020-07-31,0.0,0.0,Crisis
TZA,2020-08-31,0.0,0.0,Crisis
TZA,2020-09-30,-0.0941176470588235,-0.0941176470588235,Crisis
TZA,2020-10-31,0.0,0.0,Crisis
TZA,2020-11-30,0.0,0.0,Crisis
TZA,2020-12-31,0.0,0.0,Crisis
TZA,2021-01-31,0.0179480179480179,0.0141250838051062,Crisis
TZA,2021-02-28,0.0010835303388494,-0.0038251469585476,Crisis
TZA,2021-03-31,0.0060674619498148,0.0039200406949305,Crisis
TZA,2021-04-30,0.0030959752321981,9.902759518491524e-05,Crisis
TZA,2021-05-31,0.0349488491048593,0.0446479598957615,Crisis
TZA,2021-06-30,0.0115054739939439,0.0141866516224313,Crisis
TZA,2021-07-31,-0.0052027677650808,-0.0018394151668834,Crisis
TZA,2021-08-31,-0.0035683339180354,-0.0055963103224555,Crisis
TZA,2021-09-30,-0.0025974107591754,-0.0109662326830207,Crisis
TZA,2021-10-31,-0.012133494246981,-0.0220793487837497,Crisis
TZA,2021-11-30,-0.0020227230975383,-0.0004628756259039,Crisis
TZA,2021-12-31,0.0138146167557932,0.0164494724549875,Crisis
TZA,2022-01-31,0.0188190944393951,0.0383940506449828,Recovery
TZA,2022-02-28,0.0345323407242911,0.0547640930849031,Recovery
TZA,2022-03-31,0.0034331837998357,0.0122981228069371,Recovery
TZA,2022-04-30,-0.0162499071906737,-0.0017194835189165,Recovery
TZA,2022-05-31,0.0280081079766614,0.027640985332283,Recovery
TZA,2022-06-30,-0.0028952503640835,-0.0157729208025546,Recovery
TZA,2022-07-31,0.0681243802445703,0.0036683116136044,Recovery
TZA,2022-08-31,-0.0055380648259141,0.0142958104624406,Recovery
TZA,2022-09-30,-0.0268807906525974,-0.0117344363586111,Recovery
TZA,2022-10-31,-0.0291878835129408,-0.0050857575368222,Recovery
TZA,2022-11-30,-0.0228376787825978,0.0101767692611009,Recovery
TZA,2022-12-31,-0.0099456994038387,0.0049995071185677,Recovery
TZA,2023-01-31,-0.0039722780437064,0.0118744167815582,Recovery
TZA,2023-02-28,0.0205005168156992,0.0328167902291193,Recovery
TZA,2023-03-31,0.022970315304468,0.0102366921438772,Recovery
TZA,2023-04-30,0.0169735947102541,0.0184322529928665,Recovery
TZA,2023-05-31,-0.0079698409139857,-0.009696642084878,Recovery
TZA,2023-06-30,-0.0215842471930735,-0.0063895126188629,Recovery
TZA,2023-07-31,0.0029521529790606,0.0025565461490293,Recovery
TZA,2023-08-31,-0.0055383008327889,0.0171450705901621,Recovery
TZA,2023-09-30,0.0029358919937041,0.0353529776350045,Recovery
TZA,2023-10-31,0.0122099154891572,0.0117377163332125,Recovery
TZA,2023-11-30,0.0093583187557096,-0.0076011021092688,Recovery
TZA,2023-12-31,0.0486591881013612,0.0028858225834686,Recovery
TZA,2024-01-31,0.0089374175393751,-0.0022962145935159,Recovery
TZA,2024-02-29,0.0179205146773829,0.026943663204908,Recovery
TZA,2024-03-31,-0.0013553795347298,0.0155807962012101,Recovery
TZA,2024-04-30,0.0041260815452168,-0.0034093152875628,Recovery
TZA,2024-05-31,-0.006444999849314,0.0133228718447432,Recovery
TZA,2024-06-30,0.0030409326209166,-0.0019660459509524,Recovery
TZA,2024-07-31,0.0161391565567685,0.0228587259616791,Recovery
TZA,2024-08-31,0.0177061848880741,0.0192301557506396,Recovery
TZA,2024-09-30,0.0226056319123067,-0.0083763290870164,Recovery
TZA,2024-10-31,0.0083114931634497,0.009668320769107,Recovery
TZA,2024-11-30,-0.0010862144111129,-0.0072501075453475,Recovery
TZA,2024-12-31,-0.0322239776529609,0.0025609596927487,Recovery
VGB,2020-04-30,0.0903225806451613,0.1686638813417579,Crisis
VGB,2020-05-31,-0.3114028423093032,-0.902278165936978,Crisis
VGB,2020-06-30,-0.3116686159844054,-0.9037599245175296,Crisis
VGB,2020-07-31,0.0229047619047618,-0.1182883536398073,Crisis
VGB,2020-08-31,-0.1456246234024011,-0.1330333469075512,Crisis
VGB,2020-09-30,-0.0149712583379433,0.0147047862051384,Crisis
VGB,2020-10-31,-0.2239845103903075,-0.1959021542631017,Crisis
VGB,2020-11-30,-0.2492366647415683,-0.2186101772780508,Crisis
VGB,2020-12-31,-0.0935219036553654,-0.2508904410045327,Crisis
VGB,2021-01-31,-0.0040073273662815,-0.204041054832179,Crisis
VGB,2021-02-28,0.063588838881389,-0.1964947171650155,Crisis
VGB,2021-03-31,-0.0580857666570933,-0.2587025597268718,Crisis
VGB,2021-04-30,0.012814537936025,-0.2780504935333444,Crisis
VGB,2021-05-31,-0.0358741202338542,-0.2880025493737717,Crisis
VGB,2021-06-30,-0.0718504622957185,0.0454271094681324,Crisis
VGB,2021-07-31,-0.0483678410621439,-0.2547458618947757,Crisis
VGB,2021-08-31,0.0004540450591772,-0.0426204114387573,Crisis
VGB,2021-09-30,-0.0669199472705313,0.058774586765123,Crisis
VGB,2021-10-31,-0.0136629182022278,0.0428702665524328,Crisis
VGB,2021-11-30,-0.0960387010436675,-0.0846300092494889,Crisis
VGB,2021-12-31,-0.0525141908401831,-0.3082634753985705,Crisis
VGB,2022-01-31,-0.0268025434333791,-0.2736115930038181,Recovery
VGB,2022-02-28,0.048489396798221,0.0313020815697833,Recovery
VGB,2022-03-31,-0.0927471645661619,-0.0869073630834305,Recovery
VGB,2022-04-30,0.0004964331512145,-0.2327492398895905,Recovery
VGB,2022-05-31,-0.112632814274307,-0.2898165533697285,Recovery
VGB,2022-06-30,-0.1615606225357745,-0.3280051981985704,Recovery
VGB,2022-07-31,-0.0103622906146689,-0.0129999048585872,Recovery
VGB,2022-08-31,-0.0041170854615169,-0.2561430778957406,Recovery
VGB,2022-09-30,-0.0871976007821676,-0.2707159314974388,Recovery
VGB,2022-10-31,-0.0231804386651006,-0.0891403821195715,Recovery
VGB,2022-11-30,-0.0142320281251789,-0.2277707073323858,Recovery
VGB,2022-12-31,-0.0538978803672423,-0.2651694126988697,Recovery
VGB,2023-01-31,0.0443557545601031,0.0098761468640002,Recovery
VGB,2023-02-28,-0.0370592921643684,-0.2297388644214884,Recovery
VGB,2023-03-31,-0.0590080222007109,-0.1807040217968904,Recovery
VGB,2023-04-30,-0.0183378713847258,-0.1696409990580133,Recovery
VGB,2023-05-31,-0.0754455330547161,-0.2093111269050076,Recovery
VGB,2023-06-30,-0.1428141339071576,-0.2202953394468976,Recovery
VGB,2023-07-31,-0.0344127585711569,-0.1372917351530996,Recovery
VGB,2023-08-31,-0.0766182455384841,-0.1815987192455067,Recovery
VGB,2023-09-30,-0.0860666970679477,-0.125540586112068,Recovery
VGB,2023-10-31,-0.1127385305203618,-0.1640967652306594,Recovery
VGB,2023-11-30,-0.1509560275740012,-0.2088860134938075,Recovery
VGB,2023-12-31,-0.1735875598104345,-0.1733505569600216,Recovery
VGB,2024-01-31,-0.0367416141750338,-0.1496029083488987,Recovery
VGB,2024-02-29,-0.0801575919145741,-0.1422677973891862,Recovery
VGB,2024-03-31,-0.1497739302975739,-0.1574607598320792,Recovery
VGB,2024-04-30,0.0260966411758561,-0.0050314933572332,Recovery
VGB,2024-05-31,-0.0561539085722669,-0.1779840694595805,Recovery
VGB,2024-06-30,-0.1147410063282361,-0.1683429873323161,Recovery
VGB,2024-07-31,-0.0844085840395708,-0.1678712689864093,Recovery
VGB,2024-08-31,-0.1774471141846614,-0.2079175281900565,Recovery
VGB,2024-09-30,-0.0827667699571036,-0.1263463064436517,Recovery
VGB,2024-10-31,-0.0946179095527931,-0.0769527274459726,Recovery
VGB,2024-11-30,-0.1268945973614896,-0.1624818790671305,Recovery
VGB,2024-12-31,-0.099394116988617,-0.0450087783366659,Recovery
ZAF,2020-03-31,-0.6024427201027516,-0.6269791567659262,Crisis
ZAF,2020-04-30,-0.1426389769637606,-0.0926500793338544,Crisis
ZAF,2020-05-31,-0.2174477364751369,-0.1728284498421829,Crisis
ZAF,2020-06-30,-0.2167046597182304,0.075374036785831,Crisis
ZAF,2020-07-31,-0.149810578084111,0.0528916419013066,Crisis
ZAF,2020-08-31,-0.1531622412085314,0.0100517325119396,Crisis
ZAF,2020-09-30,-0.1577753707325358,-0.0091288499963394,Crisis
ZAF,2020-10-31,-0.1561622539284915,0.0064095403562,Crisis
ZAF,2020-11-30,-0.0237544491566142,0.0260886474951552,Crisis
ZAF,2020-12-31,-0.0762246681383338,0.0284194902939132,Crisis
ZAF,2021-01-31,-0.1196406363094308,0.0275901045568932,Crisis
ZAF,2021-02-28,-0.1003632650259048,0.0375677004978141,Crisis
ZAF,2021-03-31,-0.0668011731125907,0.0097101415691746,Crisis
ZAF,2021-04-30,-0.0954775842164168,0.0078176913957847,Crisis
ZAF,2021-05-31,-0.1150024002890872,0.0238708345679265,Crisis
ZAF,2021-06-30,-0.1124332785921878,0.0355801168302752,Crisis
ZAF,2021-07-31,-0.1349122429458325,0.0287042928513491,Crisis
ZAF,2021-08-31,-0.0984804111099247,-0.0005962745296926,Crisis
ZAF,2021-09-30,-0.1467851191042734,-0.0108753249856063,Crisis
ZAF,2021-10-31,-0.0892593356931144,-0.0042509274683853,Crisis
ZAF,2021-11-30,-0.138647176897797,0.0297258142657812,Crisis
ZAF,2021-12-31,-0.1434186187352377,0.055107115651013,Crisis
ZAF,2022-01-31,-0.1088499003312022,0.0322963640709232,Recovery
ZAF,2022-02-28,-0.1726062546814572,-0.0162100661479407,Recovery
ZAF,2022-03-31,-0.1339695114109887,0.0223675855637667,Recovery
ZAF,2022-04-30,-0.1725853395468751,-0.0395253318011413,Recovery
ZAF,2022-05-31,-0.1587635787063036,-0.007509045661621,Recovery
ZAF,2022-06-30,-0.1852905193095874,-0.0246016212888654,Recovery
ZAF,2022-07-31,-0.1551845187065256,0.0353879643083014,Recovery
ZAF,2022-08-31,-0.1459062644376683,0.0552893950482371,Recovery
ZAF,2022-09-30,-0.1889890937876614,-0.0436329407646264,Recovery
ZAF,2022-10-31,-0.1540428429169228,0.0796739424578013,Recovery
ZAF,2022-11-30,-0.1506990683806524,0.0020527921505556,Recovery
ZAF,2022-12-31,-0.1845611554025573,0.0090634954742566,Recovery
ZAF,2023-01-31,-0.1667613965273526,0.030734695844732,Recovery
ZAF,2023-02-28,-0.1822824578169158,-0.0649517987019519,Recovery
ZAF,2023-03-31,-0.1849078766061326,0.0192766905554655,Recovery
ZAF,2023-04-30,-0.1838511023199738,0.0385629698363966,Recovery
ZAF,2023-05-31,-0.2291116788675275,-0.0383544442989959,Recovery
ZAF,2023-06-30,-0.1698966912417159,0.0063893702870613,Recovery
ZAF,2023-07-31,-0.2112991054738549,0.0019771366501415,Recovery
ZAF,2023-08-31,-0.199957414207426,-0.0790252155848874,Recovery
ZAF,2023-09-30,-0.2036462468971858,-0.0542291070315796,Recovery
ZAF,2023-10-31,-0.2234546971062649,-0.0642941406894962,Recovery
ZAF,2023-11-30,-0.1646907633736923,0.0355939538493606,Recovery
ZAF,2023-12-31,-0.1680913654110602,0.0015252611975431,Recovery
ZAF,2024-01-31,-0.2249175853996244,-0.0749938649914386,Recovery
ZAF,2024-02-29,-0.2260317808346286,-0.0686179356219787,Recovery
ZAF,2024-03-31,-0.1853303152346831,-0.0458398443524427,Recovery
ZAF,2024-04-30,-0.2316137948636189,-0.0537353658224782,Recovery
ZAF,2024-05-31,-0.1853586056167658,-0.0440115902220477,Recovery
ZAF,2024-06-30,-0.1651593116561802,-0.0084190541577257,Recovery
ZAF,2024-07-31,-0.1765580733425655,-0.018487896534588,Recovery
ZAF,2024-08-31,-0.2081515053775131,-0.0300132135747019,Recovery
ZAF,2024-09-30,-0.1805281890010688,-0.0385414868597191,Recovery
ZAF,2024-10-31,-0.2439221955884216,-0.0597467500424646,Recovery
ZAF,2024-11-30,-0.2325393807615062,-0.0363196056072144,Recovery
ZAF,2024-12-31,-0.2164318702599637,-0.0412615770209754,Recovery
