country,datadate,ew_return,vw_return
AUS,2020-03-31,-0.25848583405121095,-0.4402224312473647
AUS,2020-04-30,-0.006011927674094086,-0.22191219926225683
AUS,2020-05-31,0.011487729181489282,0.29856907895237317
AUS,2020-06-30,-0.11886360295062691,-0.11981068079320929
AUS,2020-07-31,0.07788171685022399,-0.011066705445347323
AUS,2020-08-31,0.07929275709457467,0.03324277485050618
AUS,2020-09-30,0.019278961937229826,-0.023923131459809597
AUS,2020-10-31,0.013859101891918893,-0.00024578022656266665
AUS,2020-11-30,0.0538709405955935,0.05950642552619956
AUS,2020-12-31,0.013817042863456733,0.00021275695236961815
AUS,2021-01-31,0.03272094911463623,-0.004998787940575178
AUS,2021-02-28,0.0194932331319465,-0.00413524124738486
AUS,2021-03-31,-0.009156136489752942,0.008724081008685512
AUS,2021-04-30,0.027916072627516365,0.01827714673164208
AUS,2021-05-31,-0.012166482090269612,-0.0006349090878433848
AUS,2021-06-30,-0.023800680092967645,0.012417143004853755
AUS,2021-07-31,0.01964072968158022,-0.0012246244145039573
AUS,2021-08-31,0.012628736384807953,0.01623685362734076
AUS,2021-09-30,0.006232235960286826,0.023104843267153306
AUS,2021-10-31,0.02450389525145877,0.026969548642909354
AUS,2021-11-30,-0.014699233933353486,0.05191085711408401
AUS,2021-12-31,-0.0072143396936511,0.03914049138099911
AUS,2022-01-31,-0.02695684488506802,-0.004626184414638532
AUS,2022-02-28,-0.025807938697876835,-0.017768040091030786
AUS,2022-03-31,0.03181205651327471,0.0004477576934714173
AUS,2022-04-30,-0.010802409178923125,-0.022817685760627506
AUS,2022-05-31,-0.06657505715623258,-0.05784644420097896
AUS,2022-06-30,-0.11780553931889187,-0.11650167065199302
AUS,2022-07-31,0.08495155493058158,-0.003299972657345389
AUS,2022-08-31,0.013778386466428085,-0.038499660604196705
AUS,2022-09-30,-0.04386245833139974,-0.10287713244920794
AUS,2022-10-31,-0.0034068905283831763,-0.013563474402787464
AUS,2022-11-30,0.0148469251443614,0.003667038667544462
AUS,2022-12-31,-0.022056922178442757,-0.05749457220091394
AUS,2023-01-31,0.03658831787623793,0.004655321308341231
AUS,2023-02-28,-0.03890865259219781,-0.03457209872157118
AUS,2023-03-31,-0.027804239087333704,-0.034393392429087045
AUS,2023-04-30,0.005325597962749238,-0.008715340639219374
AUS,2023-05-31,-0.030353236973691956,-0.020212949802541364
AUS,2023-06-30,-0.017207932187887746,-0.02050539694233508
AUS,2023-07-31,0.03314727450573909,0.015816099775837665
AUS,2023-08-31,-0.028769458411797157,-0.017944329194183817
AUS,2023-09-30,-0.024381028277285152,-0.030773954337857214
AUS,2023-10-31,-0.03456685684258166,-0.03651222168999703
AUS,2023-11-30,0.019359993591125047,0.007791157652418033
AUS,2023-12-31,0.00696501841622178,0.012917764851960882
AUS,2024-01-31,-0.02837077984908902,-0.0029946781598636685
AUS,2024-02-29,-0.011372022783984545,0.011040167595557654
AUS,2024-03-31,0.01084903284737912,0.013514641431297486
AUS,2024-04-30,-0.006404979578906251,-0.015331306468129798
AUS,2024-05-31,-0.016772438759980912,-0.036793476658612614
AUS,2024-06-30,-0.047185370055347786,0.006181689390866664
AUS,2024-07-31,0.006819015331259627,0.022579508704883473
AUS,2024-08-31,-0.017908146325819534,0.008227471033933556
AUS,2024-09-30,0.018904250076827365,-0.04039626501029668
AUS,2024-10-31,0.00888155906857584,-0.041150147165066146
AUS,2024-11-30,-0.020980623519879626,-0.01465572537454127
AUS,2024-12-31,-0.017781470246187564,-0.06247516538696884
AUT,2020-03-31,-0.07148187557799547,-0.03036556797980578
AUT,2020-04-30,-0.007861103046515487,0.0008039684938572333
AUT,2020-05-31,-0.0535514856604963,-0.0303954008888525
AUT,2020-06-30,-0.03370034163248991,-0.001603791899786296
AUT,2020-07-31,-0.04209276536976887,-0.02302582379573819
AUT,2020-08-31,-0.060220005253309006,0.0014498049968904544
AUT,2020-09-30,0.0017522686096101616,0.011590104075521473
AUT,2020-10-31,-0.0597298092398691,-0.006645507322220838
AUT,2020-11-30,0.04789122591283467,0.028438593311846037
AUT,2020-12-31,-0.023201338331847073,-0.10011085867930768
AUT,2021-01-31,-0.004306528517439399,-0.0019674347098372685
AUT,2021-02-28,-0.027254152352782147,-0.08827010182531038
AUT,2021-03-31,-0.010209029734795995,-0.023942415373067356
AUT,2021-04-30,-0.024229892811951797,-0.10774490834573956
AUT,2021-05-31,-0.027707805044795673,-0.024189811401021
AUT,2021-06-30,-0.010577064122440014,-0.019051055775047517
AUT,2021-07-31,-0.019148116358805565,-0.021816489136383163
AUT,2021-08-31,-0.047810726285439434,-0.029879669405261728
AUT,2021-09-30,-0.030515122354717636,-0.02910079687896009
AUT,2021-10-31,-0.01634231436698525,-0.016918448462131037
AUT,2021-11-30,-0.06055102599070901,-0.03881118732022906
AUT,2021-12-31,-0.024785287633904605,-0.018503776653285852
AUT,2022-01-31,-0.024676917236423318,-0.1079155424929043
AUT,2022-02-28,-0.05997363273445008,-0.04607580624646673
AUT,2022-03-31,-0.04096162351060052,-0.05062330037760763
AUT,2022-04-30,-0.029046165896325058,-0.045939582515098845
AUT,2022-05-31,-0.04031126329434668,-0.030519883043409753
AUT,2022-06-30,-0.05516669342512009,-0.0534673064088347
AUT,2022-07-31,-0.02494335097656435,-0.0866814160267281
AUT,2022-08-31,-0.045215139166802,-0.039857666122551504
AUT,2022-09-30,-0.039108262473540156,-0.030723931302127316
AUT,2022-10-31,-0.03015002653783229,-0.0039020902533492743
AUT,2022-11-30,-0.017002353202020804,0.0003583114578352272
AUT,2022-12-31,-0.03676691553122438,-0.03726081984372593
AUT,2023-01-31,-0.00649076867961762,-0.007979450360970218
AUT,2023-02-28,-0.031920824339509435,-0.05260854925541411
AUT,2023-03-31,-0.05754819611220066,-0.04209203362195993
AUT,2023-04-30,-0.009198871043647089,-0.020777519708597432
AUT,2023-05-31,-0.054524253764811105,-0.0271010106970847
AUT,2023-06-30,-0.03260401534154717,-0.050464327142237864
AUT,2023-07-31,-0.03930957298605103,-0.024035443869544055
AUT,2023-08-31,-0.03602813692809645,-0.05964218110753076
AUT,2023-09-30,-0.03404727149551618,-0.0065154890621694946
AUT,2023-10-31,-0.03726779941429025,-0.06223710177098831
AUT,2023-11-30,-0.02606384251642154,-0.026059502837269415
AUT,2023-12-31,-0.010220788016855782,-0.11559025620560408
AUT,2024-01-31,-0.04129136079701146,-0.1581518854916926
AUT,2024-02-29,-0.05391811937812164,-0.0700742558874885
AUT,2024-03-31,-0.062374807506845875,-0.10953847747587557
AUT,2024-04-30,-0.044908303534969204,-0.07594638368104849
AUT,2024-05-31,-0.04206525398787779,-0.0669613044374289
AUT,2024-06-30,-0.048656123578609434,-0.09049501792482671
AUT,2024-07-31,-0.051600492064231444,-0.0846147187425948
AUT,2024-08-31,-0.05163919866751753,-0.08426350368156788
AUT,2024-09-30,-0.05234762104388289,-0.20175311366782928
AUT,2024-10-31,-0.07069371081667922,-0.1127530028938339
AUT,2024-11-30,-0.05179236068887825,-0.26920434011551
AUT,2024-12-31,-0.06850653265417651,-0.1643224919584751
BRA,2020-04-30,0.127177919835752,0.19301036991921902
BRA,2020-05-31,-0.020035091669950766,-0.0039808089374432885
BRA,2020-06-30,0.3578100609018851,0.16408699280967073
BRA,2020-07-31,-0.028967696057202102,-0.009326320108554055
BRA,2020-08-31,0.07027770429599961,0.11607417052864125
BRA,2020-09-30,-0.03731732665739228,-0.03746424789116047
BRA,2020-10-31,0.012500002043918977,-0.024480576013177196
BRA,2020-11-30,0.1776308599743429,0.1382892042449576
BRA,2020-12-31,-0.0595459961597342,-0.08592547779319411
BRA,2021-01-31,-0.047523738025948836,-0.031631007151837545
BRA,2021-02-28,-0.054253033240620155,-0.07561159152379796
BRA,2021-03-31,-0.011825214322107926,0.002381822225275992
BRA,2021-04-30,0.019505792783423116,-0.00043593010722786977
BRA,2021-05-31,-0.011966363032281751,0.04292127405173606
BRA,2021-06-30,-0.00849217750198816,-0.013591929958711193
BRA,2021-07-31,-0.06295160559992963,-0.06506107621027823
BRA,2021-08-31,-0.06309979336233013,-0.04674673841360381
BRA,2021-09-30,-0.06990554282814793,-0.06865488150375361
BRA,2021-10-31,-0.10148442603118321,-0.08966667028122959
BRA,2021-11-30,-0.06570414588325034,-0.03868449181311281
BRA,2021-12-31,-0.025327701612426947,-0.020094238174796056
BRA,2022-01-31,-0.02311369180827138,0.01982352469616379
BRA,2022-02-28,-0.06312096658195822,-0.015979554280916533
BRA,2022-03-31,0.0011989191971180462,0.08324398424248522
BRA,2022-04-30,-0.08010832169943849,-0.0697321846558493
BRA,2022-05-31,-0.060075956525871776,-0.017727552751618317
BRA,2022-06-30,-0.12122175372180853,-0.060547862214590645
BRA,2022-07-31,0.0010443057447979095,0.01196366354475294
BRA,2022-08-31,0.023037829492296276,0.036303208750413776
BRA,2022-09-30,-0.05041301061794252,-0.00198390260553619
BRA,2022-10-31,-0.026891667028583803,-0.07419080489975342
BRA,2022-11-30,-0.0991643875441856,-0.0625546155984057
BRA,2022-12-31,-0.06273716761883366,0.00772815011280686
BRA,2023-01-31,-0.009722829481156412,0.009133067998650381
BRA,2023-02-28,-0.08061052530444482,-0.038274822688925396
BRA,2023-03-31,-0.06036326814413112,-0.04334455102670832
BRA,2023-04-30,-0.027388281946712962,-0.09918470157691057
BRA,2023-05-31,0.03639575600039592,0.04710318803848962
BRA,2023-06-30,0.04663894816911665,0.07319440075352326
BRA,2023-07-31,-0.012285792300479095,0.02090293784001123
BRA,2023-08-31,-0.07377649393230441,-0.09554751872643938
BRA,2023-09-30,-0.04106041621513084,0.03410127788875907
BRA,2023-10-31,-0.08499147245049828,-0.08624316507898172
BRA,2023-11-30,0.02929749844366012,0.0702371555764444
BRA,2023-12-31,-0.0004224086512756832,0.024795773353191355
BRA,2024-01-31,-0.08256310788920747,-0.07259466679142647
BRA,2024-02-29,-0.02349748747023294,0.0002535650307130958
BRA,2024-03-31,-0.03024713470573599,-0.018124754062949146
BRA,2024-04-30,-0.07006443897542512,-0.060988873872998416
BRA,2024-05-31,-0.06311807714787182,-0.05440175937047186
BRA,2024-06-30,-0.0492640749458579,-0.008964426088428372
BRA,2024-07-31,-0.026840774435245077,0.003953773216565073
BRA,2024-08-31,-0.014482145217156144,0.03499408223789916
BRA,2024-09-30,-0.06233995276572901,-0.0463144836447221
BRA,2024-10-31,-0.04366793988570356,-0.04841701773444908
BRA,2024-11-30,-0.07056673005012248,-0.06467452704177944
BRA,2024-12-31,-0.08283776145213133,-0.04953600467109267
BRB,2021-01-31,-0.47006535947712413,-0.13717863884039747
BRB,2021-02-28,-0.42084550470626425,-0.033533811766091985
BRB,2021-03-31,-0.30947960085891124,-0.0358427442467335
BRB,2021-04-30,0.0050000000000000044,0.0085177125719688
BRB,2021-05-31,-0.49609375,-0.1470707057499713
BRB,2021-06-30,-0.34421572648143334,0.15126177651779626
BRB,2021-07-31,-0.49653846153846154,-0.16394777391790566
BRB,2021-08-31,-0.01874999999999999,-0.03110900200497269
BRB,2021-09-30,-0.4119987582138977,-0.0048247167668091
BRB,2021-10-31,-0.3260683854626103,-0.0443111515241973
BRB,2021-11-30,0.1105263157894737,0.1945254146941847
BRB,2021-12-31,-0.30176139652945805,0.1161405323186082
BRB,2022-01-31,-0.5415370735297609,-0.1763423696470029
BRB,2022-02-28,-0.4904175152749491,-0.08402164478826893
BRB,2022-03-31,-0.4732227722772277,-0.04895401226716287
BRB,2022-04-30,-0.1546371679522429,0.07427097420051565
BRB,2022-05-31,-0.2725023342670402,-0.17432256238785082
BRB,2022-06-30,-0.2823474178403756,0.0007894166698639197
BRB,2022-07-31,0.032206119162640934,0.02206575577290472
BRB,2022-08-31,-0.15177545579635357,0.011930219149509709
BRB,2022-09-30,-0.3430517025507574,-0.02683363443922353
BRB,2022-10-31,-0.1098054889421796,-0.02108280990575505
BRB,2022-11-30,-0.38191827697262476,0.1422224232257256
BRB,2022-12-31,-0.6401210069034308,-0.032150923541417395
BRB,2023-01-31,-0.32057898966435555,-0.08287985682994042
BRB,2023-02-28,-0.29783462485012185,0.04701638042959569
BRB,2023-03-31,-0.3835245334440505,0.08568773025509714
BRB,2023-04-30,-0.5540994709274684,-0.3190254282204925
BRB,2023-05-31,-0.4124908977675578,0.10380824862567113
BRB,2023-06-30,-0.483545632230459,-0.14345781130138097
BRB,2023-07-31,-0.4590943834122004,-0.044901176929958375
BRB,2023-08-31,-0.5008953228988072,-0.12551316754603484
BRB,2023-09-30,-0.4260682809709249,0.08012008482532332
BRB,2023-10-31,-0.5413287977345478,-0.2483512083387019
BRB,2023-11-30,-0.14987244897959184,-0.04402846743271638
BRB,2023-12-31,-0.03720053559696451,0.003339718926537157
BRB,2024-01-31,-0.12472598027975239,-0.008509145073004938
BRB,2024-02-29,-0.659797735267009,-0.08420614663849159
BRB,2024-03-31,-0.49801795465661014,-0.12546935270719745
BRB,2024-04-30,-0.35276138458331,-0.09769190267036613
BRB,2024-05-31,-0.3068335782007728,0.002523919630189999
BRB,2024-06-30,-0.3799829411764706,-0.17526074418562096
BRB,2024-07-31,-0.29897339878359114,-0.06401466002064211
BRB,2024-08-31,-0.41839405183561024,-0.08198834846765204
BRB,2024-09-30,-0.4214919604205319,-0.08230440040536449
BRB,2024-10-31,-0.4210160474446189,-0.08220552969879076
BRB,2024-11-30,-0.419306349527687,0.12839627412508545
BRB,2024-12-31,-0.39097793919827817,-0.2038703849478822
DEU,2020-03-31,-0.1691887258327414,-0.10326719584315708
DEU,2020-04-30,0.016031555811945597,0.03890381245063331
DEU,2020-05-31,-0.08289797566976806,-0.004978601885029064
DEU,2020-06-30,-0.02806461119296252,0.0024984851098737394
DEU,2020-07-31,-0.0015465899186141222,-0.003966077274117972
DEU,2020-08-31,0.021831073917680986,0.028940094117597747
DEU,2020-09-30,-0.03885391359519278,-0.03328580882209565
DEU,2020-10-31,-0.05035563152053036,-0.05127498724188403
DEU,2020-11-30,0.027085966777132466,-0.00756492071061419
DEU,2020-12-31,-0.03139876184230864,-0.07440326148817984
DEU,2021-01-31,0.004209933799047663,-0.29592338218763725
DEU,2021-02-28,-0.011058296052596566,-0.017040674608047583
DEU,2021-03-31,-0.006655433710606725,-0.3013380748607809
DEU,2021-04-30,-0.015557165109775676,-0.3398063311279158
DEU,2021-05-31,-0.013175737160082718,-0.29225333329125947
DEU,2021-06-30,-0.008879616357193662,-0.22061130519407457
DEU,2021-07-31,-0.02303540520816131,-0.10825724451422494
DEU,2021-08-31,-0.013942427572037584,-0.11971850537620095
DEU,2021-09-30,-0.031068866190118862,-0.16468098162683462
DEU,2021-10-31,-0.022964801105648927,-0.10216697000122536
DEU,2021-11-30,-0.03404462832571528,-0.14599173374211738
DEU,2021-12-31,-0.023797026634115055,-0.1287952708684691
DEU,2022-01-31,-0.036547185301588785,-0.09308901004866724
DEU,2022-02-28,-0.036250492765581545,-0.11618209592897037
DEU,2022-03-31,-0.02223855404172755,-0.09858954433436087
DEU,2022-04-30,-0.030146111001455058,-0.30042735100444434
DEU,2022-05-31,-0.040792123371069605,-0.11589262563328911
DEU,2022-06-30,-0.06488838970827153,-0.13074788961099493
DEU,2022-07-31,-0.020194233247478568,-0.10769455690475556
DEU,2022-08-31,-0.043917148725474926,-0.11740735259985076
DEU,2022-09-30,-0.07217896134772869,-0.12580400644675
DEU,2022-10-31,-0.006797284048442963,-0.07509361035468091
DEU,2022-11-30,-0.008543904569357101,-0.14154014746848248
DEU,2022-12-31,-0.0412487041534626,-0.16605149417455267
DEU,2023-01-31,-0.0008006771273649984,-0.15305585973180236
DEU,2023-02-28,-0.03204263836904355,-0.14666061020608417
DEU,2023-03-31,-0.04674663893789743,-0.19984470965872064
DEU,2023-04-30,-0.03353253346683517,-0.19918088717760482
DEU,2023-05-31,-0.0422436687551166,-0.21833368818441673
DEU,2023-06-30,-0.03500905466716898,-0.1629514644589692
DEU,2023-07-31,-0.03735858547379755,-0.21229356872228294
DEU,2023-08-31,-0.05264886863157963,-0.17260468650794228
DEU,2023-09-30,-0.04428558169868975,-0.21199132188944986
DEU,2023-10-31,-0.06469073015541328,-0.22666928225953242
DEU,2023-11-30,-0.02579517236386342,-0.1580681768515825
DEU,2023-12-31,-0.026623983773690404,-0.09463968027295247
DEU,2024-01-31,-0.04479147466756439,-0.16204043232795315
DEU,2024-02-29,-0.051491585623596806,-0.37521411532440313
DEU,2024-03-31,-0.02565055401864703,-0.19243210304431335
DEU,2024-04-30,-0.037778925612760215,-0.15699413281800115
DEU,2024-05-31,-0.031068017475912552,-0.14393029092130297
DEU,2024-06-30,-0.05462471360387225,-0.1627708852343391
DEU,2024-07-31,-0.05159484556267418,-0.2141671169138753
DEU,2024-08-31,-0.049486918954515936,-0.15072521647453294
DEU,2024-09-30,-0.041373045383232124,-0.1558247232995383
DEU,2024-10-31,-0.04948605982673214,-0.1668319676297127
DEU,2024-11-30,-0.054017894789303224,-0.15640802132680734
DEU,2024-12-31,-0.04708388472398793,-0.16082646449549517
FIN,2020-09-30,-0.03222904459067125,-0.03154448868288964
FIN,2020-10-31,0.011507386149047427,0.015102221714801732
FIN,2020-11-30,0.11343305058073658,0.025755974896756975
FIN,2020-12-31,-0.07196457835587534,-0.13470857708735692
FIN,2021-01-31,-0.029592549470478596,-0.10615650763426857
FIN,2021-02-28,-0.029836707296225794,-0.019640983976364733
FIN,2021-03-31,-0.03052940791307256,-0.09583828439418172
FIN,2021-04-30,-0.005056286278415776,-0.16090632087739828
FIN,2021-05-31,-0.044545835113367474,-0.1303949857789864
FIN,2021-06-30,-0.03281312329283043,-0.11724368513002968
FIN,2021-07-31,-0.02287323029599871,-0.10408109835654203
FIN,2021-08-31,-0.04290275838849522,-0.03919201780456847
FIN,2021-09-30,-0.06790199731172684,-0.099489761352548
FIN,2021-10-31,-0.02729624329505954,-0.11834264618096273
FIN,2021-11-30,-0.06485900521126528,-0.10917074235167872
FIN,2021-12-31,-0.02550794218126401,-0.11289118371532673
FIN,2022-01-31,-0.05051920473805282,-0.09544322085001046
FIN,2022-02-28,-0.07502765650067743,-0.07138288791179863
FIN,2022-03-31,-0.03808981392795362,-0.12059037988201075
FIN,2022-04-30,-0.06551478285380694,-0.16733287756902937
FIN,2022-05-31,-0.04903582502546655,-0.13594490891999123
FIN,2022-06-30,-0.07067680193046784,-0.1726873299879147
FIN,2022-07-31,-0.025420779761085747,-0.1482523702675927
FIN,2022-08-31,-0.0711235307620437,-0.1904680118096495
FIN,2022-09-30,-0.07940454277820873,-0.13853948714386777
FIN,2022-10-31,-0.02960470531697409,-0.16997674824652179
FIN,2022-11-30,-0.00729186522743422,-0.11748852773827483
FIN,2022-12-31,-0.0476192435993247,-0.13709813719441538
FIN,2023-01-31,-0.006634943005382844,-0.14853891009777428
FIN,2023-02-28,-0.03462467598140119,-0.17117946704342976
FIN,2023-03-31,-0.052917128756109696,-0.19703317614520283
FIN,2023-04-30,-0.03660462466642346,-0.13703167653978438
FIN,2023-05-31,-0.05138705877357699,-0.1287952250465051
FIN,2023-06-30,-0.040774498831079566,-0.16885702562360816
FIN,2023-07-31,-0.03973458837157747,-0.13214566939066716
FIN,2023-08-31,-0.046477059753101194,-0.19335175132039345
FIN,2023-09-30,-0.04820355001386637,-0.14314987108012442
FIN,2023-10-31,-0.07151839746353254,-0.17916699771696218
FIN,2023-11-30,-0.0227989738815296,-0.15696506918995115
FIN,2023-12-31,-0.030933145465398066,-0.13466385999328792
FIN,2024-01-31,-0.02121659660359639,-0.15798860309167068
FIN,2024-02-29,-0.058088935461288564,-0.13469585574178808
FIN,2024-03-31,-0.01829760395758888,-0.11509466674416435
FIN,2024-04-30,-0.027669239738868527,-0.09939918196354425
FIN,2024-05-31,0.0019955046405068736,0.05946344130129265
FIN,2024-06-30,-0.0363559726075337,-0.1633404070696321
FIN,2024-07-31,-0.029653730090793945,-0.1683948757368216
FIN,2024-08-31,-0.0283327004561219,-0.14523529002631586
FIN,2024-09-30,-0.032381016630957715,-0.11232805451808867
FIN,2024-10-31,-0.05774757777144738,-0.22537373206303898
FIN,2024-11-30,-0.045650473952258214,-0.18022507232464993
FIN,2024-12-31,-0.04395217956000027,-0.2312262734215807
FRA,2020-03-31,-0.050310317268109646,-0.0012367734966457938
FRA,2020-04-30,0.07363600672652414,0.012674816310758497
FRA,2020-05-31,0.019874989589010413,0.010077972140384844
FRA,2020-06-30,0.04815544916696214,0.06856988838639033
FRA,2020-07-31,0.0008217344714351784,0.022315177203117487
FRA,2020-08-31,0.005560263326610902,0.015269564208702631
FRA,2020-09-30,-0.0074888534573586225,0.028038639903410708
FRA,2020-10-31,-0.013711057522346462,0.009687518707002449
FRA,2020-11-30,0.09910953070434642,0.03220686685031582
FRA,2020-12-31,-0.01840797053252622,-0.08067237587946371
FRA,2021-01-31,-0.009175856126784558,-0.07109772811484684
FRA,2021-02-28,0.007610977750467047,-0.05712474556411919
FRA,2021-03-31,-0.00022206821016906823,-0.07082771957374476
FRA,2021-04-30,-0.0014384257023842832,-0.049417009069746595
FRA,2021-05-31,-0.02012140415124791,-0.06688161500804439
FRA,2021-06-30,-0.022620069883833197,-0.06633095731327987
FRA,2021-07-31,-0.02102036655808123,-0.07590179651245574
FRA,2021-08-31,-0.006026021579922483,-0.08564560294174611
FRA,2021-09-30,-0.021366398677191655,-0.08039248608510655
FRA,2021-10-31,-0.014561023984256773,-0.0705812079495897
FRA,2021-11-30,-0.03308392297824238,-0.08437341669586627
FRA,2021-12-31,-0.008623063363745645,-0.08299575927358299
FRA,2022-01-31,-0.02537917090111317,-0.06919520397638666
FRA,2022-02-28,-0.04309050852428798,-0.10082689676266739
FRA,2022-03-31,-0.0063816751753704585,-0.08459313317092372
FRA,2022-04-30,-0.02496687927397253,-0.06372410937386433
FRA,2022-05-31,-0.022581479411104857,-0.08851333339468435
FRA,2022-06-30,-0.05650720842167392,-0.08213922797052797
FRA,2022-07-31,-0.0058239721798921985,-0.04775911570878734
FRA,2022-08-31,-0.022576144384665466,-0.08500803006133786
FRA,2022-09-30,-0.06898009041753837,-0.0869310543356824
FRA,2022-10-31,-0.00409715690336693,-0.06298510893035203
FRA,2022-11-30,-0.017119444774286466,-0.05479151407655592
FRA,2022-12-31,-0.024767569134090794,-0.07711252550620533
FRA,2023-01-31,0.004672855867492747,-0.04746945217185385
FRA,2023-02-28,-0.015828308837846524,-0.06482738128346213
FRA,2023-03-31,-0.04161864569705002,-0.07505383104398004
FRA,2023-04-30,-0.02907836366400461,-0.07619045371869551
FRA,2023-05-31,-0.027466093495303597,-0.07032908572284842
FRA,2023-06-30,-0.020394821138538976,-0.06229075063513439
FRA,2023-07-31,-0.02082582523668148,-0.0707873934958766
FRA,2023-08-31,-0.0350438104718742,-0.09321770847130204
FRA,2023-09-30,-0.05212954128937218,-0.08285338807686082
FRA,2023-10-31,-0.05536268550135989,-0.08089676955796342
FRA,2023-11-30,-0.01197774152752989,-0.07127998261893632
FRA,2023-12-31,-0.012523586282980085,-0.0884031264587538
FRA,2024-01-31,-0.022056501106974876,-0.08417993215681116
FRA,2024-02-29,-0.03186284239991758,-0.09266286785038846
FRA,2024-03-31,-0.025549839656472,-0.06076432218154741
FRA,2024-04-30,-0.015365606781382326,-0.024152993756105894
FRA,2024-05-31,0.00015782367001584635,-0.04602324863133837
FRA,2024-06-30,-0.0659387243415513,-0.0672116266299085
FRA,2024-07-31,-0.009169509327822189,-0.03428827280851322
FRA,2024-08-31,-0.02494604295321094,-0.07049517456216918
FRA,2024-09-30,-0.02916835481174269,-0.08494846149528577
FRA,2024-10-31,-0.035899989663189275,-0.08073684215786432
FRA,2024-11-30,-0.037551002539140586,-0.06374445661286758
FRA,2024-12-31,-0.019086872587271854,-0.0809221985529267
GBR,2020-03-31,-0.03708356869222807,-0.00937283154978582
GBR,2020-04-30,0.06022239857148061,0.010349550156813474
GBR,2020-05-31,0.0006130603932686249,0.011581728018105421
GBR,2020-06-30,-0.009651091622148212,0.010141096169504732
GBR,2020-07-31,-0.01635375300734939,-0.00779600775091858
GBR,2020-08-31,0.025117773785021676,0.0036736597086836627
GBR,2020-09-30,-0.033396790087410165,-0.009906840770402915
GBR,2020-10-31,-0.020118780682666357,0.03365139837678486
GBR,2020-11-30,0.06232862159595222,0.038193697414121805
GBR,2020-12-31,0.011522802062585798,-0.07840138454991832
GBR,2021-01-31,-0.010548399054705485,-0.10236308770010433
GBR,2021-02-28,0.007233764681589965,-0.07215472222998284
GBR,2021-03-31,-0.0008032951885022802,-0.06826304300605024
GBR,2021-04-30,0.0113787547110061,-0.059084922692145846
GBR,2021-05-31,-0.022128873648974194,-0.11971731296999337
GBR,2021-06-30,-0.029858271488429854,-0.11689105860101086
GBR,2021-07-31,-0.029631825670207366,-0.08301206240184136
GBR,2021-08-31,-0.010347213274364369,-0.1020559497951731
GBR,2021-09-30,-0.03681016217675269,-0.10648920061399451
GBR,2021-10-31,-0.0289432785584679,-0.07945546515471977
GBR,2021-11-30,-0.05028897736426749,-0.08061741393081613
GBR,2021-12-31,-0.016938843140743124,-0.06825964802734795
GBR,2022-01-31,-0.0498553729981062,-0.0987442060793495
GBR,2022-02-28,-0.05562276519739023,-0.09884370949730575
GBR,2022-03-31,-0.028993322657794196,-0.05549192379173198
GBR,2022-04-30,-0.02911071522382437,-0.0815799199292614
GBR,2022-05-31,-0.04940413907672682,-0.05149893536754556
GBR,2022-06-30,-0.0789044835951512,-0.10379993082127992
GBR,2022-07-31,-0.01409848449682348,-0.07818702092491465
GBR,2022-08-31,-0.04525168182895512,-0.07058534852094406
GBR,2022-09-30,-0.08386629528984317,-0.0731240138835539
GBR,2022-10-31,-0.020494445349226006,-0.04604688923026964
GBR,2022-11-30,-0.006066178497558523,-0.12956933818874816
GBR,2022-12-31,-0.044043643349528414,-0.15065606104623747
GBR,2023-01-31,-0.009284818687725061,-0.12570756786777454
GBR,2023-02-28,-0.03245500452545331,-0.1183892812779316
GBR,2023-03-31,-0.062287002818457574,-0.13340639469343624
GBR,2023-04-30,-0.014790303448507833,-0.10570223249557315
GBR,2023-05-31,-0.04289119415500004,-0.1276396297867882
GBR,2023-06-30,-0.04684655462593618,-0.12678733477107954
GBR,2023-07-31,-0.02152190881521121,-0.12511579208741413
GBR,2023-08-31,-0.04511739087545796,-0.1407692465881831
GBR,2023-09-30,-0.040121374734380204,-0.11705075505247665
GBR,2023-10-31,-0.06635893914677066,-0.12325106046187326
GBR,2023-11-30,-0.014792913744955323,-0.09050751954653599
GBR,2023-12-31,-0.005117342202325405,-0.12205714143357517
GBR,2024-01-31,-0.03335135170166959,-0.06555378668361554
GBR,2024-02-29,-0.04330044970756034,-0.08914564936039886
GBR,2024-03-31,-0.03419920995647073,-0.2402056909383055
GBR,2024-04-30,-0.024229557856485145,-0.09831583744037227
GBR,2024-05-31,-0.012040642321904176,-0.12920441036892866
GBR,2024-06-30,-0.03905051199234874,-0.10148737118225604
GBR,2024-07-31,-0.020106451420400736,-0.08952066336601604
GBR,2024-08-31,-0.042860504284876415,-0.16355288233583107
GBR,2024-09-30,-0.05249821336380693,-0.17510699376544128
GBR,2024-10-31,-0.05300767127836868,-0.1773114402727255
GBR,2024-11-30,-0.0360837956760291,-0.12092335231152726
GBR,2024-12-31,-0.03936377451513965,-0.12375574937645
IND,2020-03-31,-0.4449601256685982,-0.4005449591755644
IND,2020-04-30,0.1083012956523473,0.14805936609209608
IND,2020-05-31,-0.0126780416113975,-0.009362881170303677
IND,2020-06-30,0.1465854868070704,0.10087090384798672
IND,2020-07-31,0.0011365432485135418,0.04433543294549723
IND,2020-08-31,0.09356335186978197,0.08580529212756871
IND,2020-09-30,-0.003472116062096707,0.06314927289952432
IND,2020-10-31,0.0019241936191038442,0.05178482671313802
IND,2020-11-30,0.06997965818708543,0.1421506185538374
IND,2020-12-31,0.11404371022711338,0.1229749245205946
IND,2021-01-31,0.02682286209190556,0.0221999438733755
IND,2021-02-28,0.050095306210015456,0.1374188692615851
IND,2021-03-31,-0.003991568490498186,0.061944679954100176
IND,2021-04-30,0.04616522869141401,-5.4555965782892965e-05
IND,2021-05-31,0.12509466851781664,0.06195456738245337
IND,2021-06-30,0.12607758327844337,0.0206725013526848
IND,2021-07-31,0.09400165215131406,0.046391894723728566
IND,2021-08-31,-0.03656442777105739,0.054982211733956406
IND,2021-09-30,0.044505350071052587,0.06757301748080854
IND,2021-10-31,0.02292698236174464,0.013936583448806834
IND,2021-11-30,0.02389972502206704,0.000578045362014246
IND,2021-12-31,0.12886031198817627,0.030184975348967434
IND,2022-01-31,0.058508047593806796,0.026329518181553588
IND,2022-02-28,-0.07888651000194233,-0.045817173635992685
IND,2022-03-31,0.023600723282571547,0.0576200816649598
IND,2022-04-30,0.06618138049512923,0.016382158260238144
IND,2022-05-31,-0.0731046224943256,-0.05430915641883811
IND,2022-06-30,-0.03848140907529265,-0.05197612643989039
IND,2022-07-31,0.05299471174186633,0.09686845922806106
IND,2022-08-31,0.06652837223063673,0.05037254530606998
IND,2022-09-30,0.021053945424091107,-0.013546225120020431
IND,2022-10-31,0.01861803738423548,0.04862075056201532
IND,2022-11-30,0.02230909835242929,0.050165573430732094
IND,2022-12-31,0.011824218935882435,-0.012824669477981186
IND,2023-01-31,0.0011291919683742862,-0.01400913087348284
IND,2023-02-28,-0.06029000871514579,-0.02839721032626405
IND,2023-03-31,-0.039592695384775195,0.0036119920548928065
IND,2023-04-30,0.10145555038640333,0.07014456884080987
IND,2023-05-31,0.027788662293126157,0.0538745049291362
IND,2023-06-30,0.05328760838504101,0.06209377460047918
IND,2023-07-31,0.03505407132398887,0.05329128740878981
IND,2023-08-31,0.06104711085413091,0.0060277815327478765
IND,2023-09-30,0.03637616820928355,0.047621213703652694
IND,2023-10-31,0.016649649586998005,-0.025502298865462864
IND,2023-11-30,0.07443726949261292,0.08370306880769703
IND,2023-12-31,0.0672159005679462,0.1021701900683188
IND,2024-01-31,0.10548188035962211,0.05918278941025105
IND,2024-02-29,0.007467972171627886,0.03333270583095129
IND,2024-03-31,-0.07437787893620935,0.008471141471353853
IND,2024-04-30,0.11197804046187564,0.05804018456392106
IND,2024-05-31,-0.01454254290039761,0.015647287476751856
IND,2024-06-30,0.07619863590562792,0.07581230799074302
IND,2024-07-31,0.06789985578503563,0.061475321914287694
IND,2024-08-31,0.033966086792305686,0.014016002431582514
IND,2024-09-30,0.020220480898413603,0.023251004911357356
IND,2024-10-31,-0.01837314536258591,-0.062404530969159024
IND,2024-11-30,0.00915163259096205,-0.0003937570966767289
IND,2024-12-31,0.023664751236878372,-0.009192578804583617
JPN,2020-03-31,-0.8934239571503143,-0.016463959502657815
JPN,2020-04-30,0.0462095335531246,0.04350406161991291
JPN,2020-05-31,0.06319288504064553,0.06409211191420533
JPN,2020-06-30,-0.021280020630880903,-0.0017841655484308306
JPN,2020-07-31,-0.07792755934293466,-0.023175687409820397
JPN,2020-08-31,0.05245136733520048,0.08926605275683347
JPN,2020-09-30,0.01520701232625484,0.018806820565780813
JPN,2020-10-31,-0.06967119653469073,-0.020381321820615774
JPN,2020-11-30,0.0236574892496211,0.0994802429550486
JPN,2020-12-31,-0.018135005446568743,0.02950841272186613
JPN,2021-01-31,-0.025276188133274306,0.013689199131361865
JPN,2021-02-28,-0.005526044060758038,0.04148164075441344
JPN,2021-03-31,0.01872307270948295,0.04861676774756543
JPN,2021-04-30,-0.0637845511917275,-0.028601287846343613
JPN,2021-05-31,-0.03795440837054622,0.02147381110080415
JPN,2021-06-30,-0.013544262376160698,0.01996125606185327
JPN,2021-07-31,-0.05837238211793387,-0.020534240016073364
JPN,2021-08-31,-0.02550702760515763,0.029728896495131635
JPN,2021-09-30,-0.020332043895886075,0.03881023940803102
JPN,2021-10-31,-0.06234136655125435,-0.020173826717635387
JPN,2021-11-30,-0.09784804622059651,-0.036320013035413684
JPN,2021-12-31,-0.025743020863532036,0.03203545305537735
JPN,2022-01-31,-0.10778123179880007,-0.047458543779534644
JPN,2022-02-28,-0.035383629920319126,-0.00030128862280219163
JPN,2022-03-31,-0.015670329575681655,0.026197684921382886
JPN,2022-04-30,-0.07372677030743026,-0.01783766682330512
JPN,2022-05-31,-0.03962707579600003,0.006199278594420121
JPN,2022-06-30,-0.049457386361837455,-0.01625778115055968
JPN,2022-07-31,-0.016559596626928935,0.036271319503808776
JPN,2022-08-31,-0.028267549004114014,0.008683166463708744
JPN,2022-09-30,-0.09256986272150904,-0.06561871374041306
JPN,2022-10-31,-0.02800204729650624,0.04121901191299643
JPN,2022-11-30,-0.02176359821478132,0.020580764189218725
JPN,2022-12-31,-0.08333601499221309,-0.053209070240844
JPN,2023-01-31,-0.015015608626821803,0.030759948543668612
JPN,2023-02-28,-0.029824852050618206,0.0033175111871654997
JPN,2023-03-31,-0.04721507647932747,-0.007925420636885745
JPN,2023-04-30,-0.043295785703169345,-0.015465189392382487
JPN,2023-05-31,-0.05609210385908606,0.01968319063269577
JPN,2023-06-30,0.0016406566186699526,0.06790831312917131
JPN,2023-07-31,-0.048948424916078016,0.013836063683077987
JPN,2023-08-31,-0.045817503695543875,0.00412981751905883
JPN,2023-09-30,-0.05133427545229678,-0.01827657560523641
JPN,2023-10-31,-0.10337902848342483,-0.04624450217946761
JPN,2023-11-30,-0.016867377581767727,0.04548020417155231
JPN,2023-12-31,-0.056602341245162585,-0.019162417724344964
JPN,2024-01-31,-0.01576499778657007,0.048438281339722535
JPN,2024-02-29,-0.036621067105586526,0.03548377015840239
JPN,2024-03-31,-0.031274116724020556,0.049727071412335885
JPN,2024-04-30,-0.09156849110096,-0.05536037511401053
JPN,2024-05-31,-0.06042468513082007,0.003898173313714748
JPN,2024-06-30,-0.026744477074057367,0.009263569448062425
JPN,2024-07-31,-0.06639339158368038,-0.014251478744302104
JPN,2024-08-31,-0.08534302290932941,-0.035379316178438605
JPN,2024-09-30,-0.07584344261078288,-0.02653550755292268
JPN,2024-10-31,-0.07892412950422505,-0.010501486985396534
JPN,2024-11-30,-0.055643669893450584,-0.005162266661718984
JPN,2024-12-31,-0.046962290922046825,0.0182550715606534
LBR,2023-01-31,0.0,0.0
LBR,2023-02-28,0.11111111111111116,0.11111111111111116
LBR,2023-03-31,-0.07500000000000007,-0.07500000000000007
LBR,2023-04-30,0.027027027027026973,0.02702702702702697
LBR,2023-05-31,-0.02631578947368418,-0.02631578947368418
LBR,2023-06-30,0.0,0.0
LBR,2023-07-31,-0.05405405405405406,-0.05405405405405406
LBR,2023-08-31,0.0,0.0
LBR,2023-09-30,0.0,0.0
LBR,2023-10-31,-0.12571428571428567,-0.12571428571428567
LBR,2023-11-30,-0.05228758169934644,-0.05228758169934645
LBR,2023-12-31,0.0,0.0
LBR,2024-01-31,0.0,0.0
LBR,2024-02-29,0.0,0.0
LBR,2024-03-31,-0.34482758620689646,-0.34482758620689646
LBR,2024-04-30,-0.7305263157894737,-0.7305263157894737
LBR,2024-05-31,-0.0625,-0.0625
LBR,2024-06-30,-0.09999999999999998,-0.09999999999999998
LBR,2024-07-31,0.0,0.0
LBR,2024-08-31,0.0,0.0
LBR,2024-09-30,-0.02777777777777779,-0.02777777777777779
LBR,2024-10-31,-0.01904761904761909,-0.01904761904761909
LBR,2024-11-30,-0.2912621359223301,-0.2912621359223301
LBR,2024-12-31,-0.136986301369863,-0.136986301369863
SAU,2020-04-30,0.13287104912436798,0.1480781514135497
SAU,2020-05-31,-0.003278096271852086,-0.03360128766360548
SAU,2020-06-30,-0.0014646637904740152,-0.001322853766309204
SAU,2020-07-31,0.10931604527576226,0.05556648672546849
SAU,2020-08-31,0.10027194646843152,0.09657659456668623
SAU,2020-09-30,0.11006785035560664,0.033774574276750256
SAU,2020-10-31,-0.121818151082357,-0.10914755180255874
SAU,2020-11-30,0.22198763620967393,0.099626812782491
SAU,2020-12-31,0.016780581166623225,0.02013846329935879
SAU,2021-01-31,0.010708709656218578,-0.0058453321980392135
SAU,2021-02-28,0.04594433118271295,0.009577827708522939
SAU,2021-03-31,0.06162728311903094,0.056808131904817635
SAU,2021-04-30,0.024823553909504404,0.0034550984414079746
SAU,2021-05-31,0.054879569233348774,0.0011610097735274363
SAU,2021-06-30,0.05639633412523237,0.007145350952445731
SAU,2021-07-31,0.0034711952860768404,-0.002647831770400681
SAU,2021-08-31,-0.020898235973427895,0.014267459139317819
SAU,2021-09-30,-0.0027465762876328903,0.02339400647916254
SAU,2021-10-31,-0.030857202491240597,0.041369943245472184
SAU,2021-11-30,-0.10806769662992581,-0.08503626228828451
SAU,2021-12-31,0.030150455822049716,0.037339324937907974
SAU,2022-01-31,0.05116923389819148,0.05840555186087588
SAU,2022-02-28,-0.030068951513767192,0.08584687507896739
SAU,2022-03-31,0.004197308643971843,0.04136103538608496
SAU,2022-04-30,-0.01255235250875257,0.04292110390326538
SAU,2022-05-31,-0.06118008819149975,-0.07394100404537744
SAU,2022-06-30,-0.11807626043840967,-0.08273578369532662
SAU,2022-07-31,0.04047169812720646,0.03405405595391685
SAU,2022-08-31,0.04141685751849808,-0.034238759440936975
SAU,2022-09-30,-0.06990633399262074,-0.05492918499010708
SAU,2022-10-31,0.01128763920050997,-0.009793465514609856
SAU,2022-11-30,-0.05978463794875707,-0.04781605037288831
SAU,2022-12-31,-0.047938174146842295,-0.0371980703915582
SAU,2023-01-31,0.06721151487146292,0.028080189674763906
SAU,2023-02-28,-0.01645606304384644,-0.04081296733520282
SAU,2023-03-31,0.04223769364358881,0.02944552191892954
SAU,2023-04-30,0.07028689113137009,0.10528514605534683
SAU,2023-05-31,0.007991448872188748,-0.10300757957996018
SAU,2023-06-30,-0.01638938493551024,0.026850448656566765
SAU,2023-07-31,-0.037988226439360784,0.011109465586467799
SAU,2023-08-31,-0.030891446929790938,0.0463720645554772
SAU,2023-09-30,-0.026230798758507486,-0.010204133218958878
SAU,2023-10-31,-0.0729954294706724,-0.04102370932644658
SAU,2023-11-30,0.051533363203223805,0.01286174671710479
SAU,2023-12-31,0.04911860660457624,0.018254649043816698
SAU,2024-01-31,0.005907519181976637,-0.05119621673545679
SAU,2024-02-29,0.09046909648809974,0.049728813410796074
SAU,2024-03-31,-0.000945575951234755,-0.020362349928287313
SAU,2024-04-30,0.010908900563948254,-0.013267600896052377
SAU,2024-05-31,-0.0727585424747165,-0.050371921344281076
SAU,2024-06-30,0.011340148744739728,-0.01862180156007945
SAU,2024-07-31,0.021036642784537648,0.009435067536987666
SAU,2024-08-31,-0.003561715952176371,0.011168240122796996
SAU,2024-09-30,0.006968467351727998,-0.010754546667347188
SAU,2024-10-31,-0.004915656432225533,-0.007518970698163334
SAU,2024-11-30,-0.007911944843836564,-0.0012035102488228374
SAU,2024-12-31,0.024147243571700623,0.022778920335945023
TZA,2020-04-30,0.0,0.0
TZA,2020-05-31,0.0,0.0
TZA,2020-06-30,0.0,0.0
TZA,2020-07-31,0.0,0.0
TZA,2020-08-31,0.0,0.0
TZA,2020-09-30,-0.09411764705882353,-0.09411764705882353
TZA,2020-10-31,0.0,0.0
TZA,2020-11-30,0.0,0.0
TZA,2020-12-31,0.0,0.0
TZA,2021-01-31,0.01794801794801794,0.014125083805106287
TZA,2021-02-28,0.0010835303388494848,-0.0038251469585476863
TZA,2021-03-31,0.00606746194981489,0.003920040694930573
TZA,2021-04-30,0.003095975232198139,9.902759518491523e-05
TZA,2021-05-31,0.03494884910485933,0.044647959895761535
TZA,2021-06-30,0.011505473993943905,0.014186651622431377
TZA,2021-07-31,-0.0052027677650808325,-0.0018394151668834754
TZA,2021-08-31,-0.003568333918035447,-0.005596310322455508
TZA,2021-09-30,-0.00259741075917546,-0.010966232683020752
TZA,2021-10-31,-0.012133494246981097,-0.022079348783749713
TZA,2021-11-30,-0.002022723097538315,-0.0004628756259039063
TZA,2021-12-31,0.013814616755793232,0.016449472454987527
TZA,2022-01-31,0.018819094439395192,0.03839405064498286
TZA,2022-02-28,0.03453234072429117,0.05476409308490311
TZA,2022-03-31,0.003433183799835726,0.012298122806937147
TZA,2022-04-30,-0.01624990719067375,-0.0017194835189165705
TZA,2022-05-31,0.028008107976661423,0.02764098533228304
TZA,2022-06-30,-0.002895250364083557,-0.015772920802554647
TZA,2022-07-31,0.0681243802445703,0.003668311613604435
TZA,2022-08-31,-0.005538064825914168,0.014295810462440689
TZA,2022-09-30,-0.02688079065259743,-0.011734436358611187
TZA,2022-10-31,-0.029187883512940868,-0.005085757536822257
TZA,2022-11-30,-0.022837678782597827,0.010176769261100999
TZA,2022-12-31,-0.009945699403838701,0.004999507118567722
TZA,2023-01-31,-0.003972278043706459,0.011874416781558289
TZA,2023-02-28,0.02050051681569922,0.03281679022911937
TZA,2023-03-31,0.022970315304468098,0.010236692143877277
TZA,2023-04-30,0.016973594710254142,0.018432252992866594
TZA,2023-05-31,-0.007969840913985775,-0.009696642084878075
TZA,2023-06-30,-0.021584247193073516,-0.00638951261886293
TZA,2023-07-31,0.0029521529790606745,0.0025565461490293434
TZA,2023-08-31,-0.005538300832788984,0.01714507059016212
TZA,2023-09-30,0.002935891993704101,0.035352977635004564
TZA,2023-10-31,0.012209915489157279,0.011737716333212574
TZA,2023-11-30,0.009358318755709645,-0.007601102109268889
TZA,2023-12-31,0.0486591881013612,0.002885822583468686
TZA,2024-01-31,0.008937417539375103,-0.0022962145935159313
TZA,2024-02-29,0.01792051467738292,0.026943663204908097
TZA,2024-03-31,-0.0013553795347298798,0.015580796201210105
TZA,2024-04-30,0.004126081545216844,-0.0034093152875628954
TZA,2024-05-31,-0.006444999849314039,0.0133228718447432
TZA,2024-06-30,0.0030409326209166663,-0.001966045950952452
TZA,2024-07-31,0.016139156556768588,0.022858725961679125
TZA,2024-08-31,0.017706184888074114,0.01923015575063965
TZA,2024-09-30,0.02260563191230672,-0.008376329087016484
TZA,2024-10-31,0.008311493163449738,0.009668320769107003
TZA,2024-11-30,-0.0010862144111129636,-0.007250107545347523
TZA,2024-12-31,-0.032223977652960985,0.002560959692748714
VGB,2020-04-30,0.0903225806451613,0.1686638813417579
VGB,2020-05-31,-0.3114028423093032,-0.9022781659369781
VGB,2020-06-30,-0.31166861598440543,-0.9037599245175295
VGB,2020-07-31,0.02290476190476185,-0.11828835363980736
VGB,2020-08-31,-0.14562462340240115,-0.13303334690755123
VGB,2020-09-30,-0.014971258337943393,0.01470478620513845
VGB,2020-10-31,-0.22398451039030753,-0.1959021542631017
VGB,2020-11-30,-0.24923666474156833,-0.2186101772780508
VGB,2020-12-31,-0.0935219036553654,-0.2508904410045327
VGB,2021-01-31,-0.004007327366281592,-0.20404105483217905
VGB,2021-02-28,0.06358883888138904,-0.19649471716501557
VGB,2021-03-31,-0.05808576665709333,-0.2587025597268718
VGB,2021-04-30,0.012814537936025015,-0.27805049353334443
VGB,2021-05-31,-0.035874120233854216,-0.28800254937377173
VGB,2021-06-30,-0.0718504622957185,0.04542710946813248
VGB,2021-07-31,-0.0483678410621439,-0.2547458618947757
VGB,2021-08-31,0.0004540450591772428,-0.04262041143875733
VGB,2021-09-30,-0.06691994727053137,0.05877458676512304
VGB,2021-10-31,-0.013662918202227824,0.042870266552432854
VGB,2021-11-30,-0.09603870104366755,-0.08463000924948898
VGB,2021-12-31,-0.05251419084018319,-0.3082634753985705
VGB,2022-01-31,-0.026802543433379105,-0.2736115930038181
VGB,2022-02-28,0.048489396798221084,0.031302081569783376
VGB,2022-03-31,-0.09274716456616193,-0.0869073630834305
VGB,2022-04-30,0.0004964331512145302,-0.2327492398895905
VGB,2022-05-31,-0.11263281427430703,-0.28981655336972856
VGB,2022-06-30,-0.16156062253577455,-0.32800519819857044
VGB,2022-07-31,-0.010362290614668992,-0.012999904858587265
VGB,2022-08-31,-0.0041170854615169535,-0.25614307789574065
VGB,2022-09-30,-0.08719760078216761,-0.27071593149743883
VGB,2022-10-31,-0.023180438665100656,-0.08914038211957152
VGB,2022-11-30,-0.014232028125178962,-0.22777070733238589
VGB,2022-12-31,-0.05389788036724238,-0.26516941269886973
VGB,2023-01-31,0.044355754560103176,0.009876146864000204
VGB,2023-02-28,-0.03705929216436845,-0.22973886442148844
VGB,2023-03-31,-0.059008022200710906,-0.18070402179689043
VGB,2023-04-30,-0.018337871384725837,-0.1696409990580133
VGB,2023-05-31,-0.07544553305471612,-0.2093111269050076
VGB,2023-06-30,-0.14281413390715766,-0.22029533944689766
VGB,2023-07-31,-0.03441275857115699,-0.1372917351530996
VGB,2023-08-31,-0.07661824553848413,-0.18159871924550677
VGB,2023-09-30,-0.08606669706794771,-0.12554058611206806
VGB,2023-10-31,-0.11273853052036187,-0.16409676523065947
VGB,2023-11-30,-0.1509560275740012,-0.2088860134938075
VGB,2023-12-31,-0.1735875598104345,-0.17335055696002163
VGB,2024-01-31,-0.03674161417503389,-0.14960290834889878
VGB,2024-02-29,-0.08015759191457411,-0.14226779738918624
VGB,2024-03-31,-0.14977393029757397,-0.1574607598320792
VGB,2024-04-30,0.026096641175856194,-0.005031493357233279
VGB,2024-05-31,-0.05615390857226697,-0.17798406945958054
VGB,2024-06-30,-0.11474100632823617,-0.16834298733231615
VGB,2024-07-31,-0.08440858403957087,-0.16787126898640936
VGB,2024-08-31,-0.1774471141846614,-0.20791752819005654
VGB,2024-09-30,-0.08276676995710366,-0.12634630644365177
VGB,2024-10-31,-0.09461790955279316,-0.07695272744597266
VGB,2024-11-30,-0.12689459736148964,-0.16248187906713052
VGB,2024-12-31,-0.09939411698861705,-0.04500877833666599
ZAF,2020-03-31,-0.6024427201027516,-0.6269791567659262
ZAF,2020-04-30,-0.14263897696376066,-0.09265007933385443
ZAF,2020-05-31,-0.21744773647513696,-0.17282844984218293
ZAF,2020-06-30,-0.2167046597182304,0.07537403678583109
ZAF,2020-07-31,-0.14981057808411105,0.052891641901306685
ZAF,2020-08-31,-0.15316224120853142,0.010051732511939632
ZAF,2020-09-30,-0.15777537073253586,-0.009128849996339467
ZAF,2020-10-31,-0.1561622539284915,0.006409540356200038
ZAF,2020-11-30,-0.023754449156614225,0.026088647495155232
ZAF,2020-12-31,-0.07622466813833383,0.028419490293913295
ZAF,2021-01-31,-0.11964063630943088,0.027590104556893227
ZAF,2021-02-28,-0.10036326502590485,0.037567700497814126
ZAF,2021-03-31,-0.06680117311259076,0.009710141569174656
ZAF,2021-04-30,-0.09547758421641682,0.00781769139578479
ZAF,2021-05-31,-0.1150024002890872,0.02387083456792657
ZAF,2021-06-30,-0.11243327859218781,0.03558011683027528
ZAF,2021-07-31,-0.13491224294583254,0.02870429285134917
ZAF,2021-08-31,-0.09848041110992478,-0.0005962745296926371
ZAF,2021-09-30,-0.14678511910427347,-0.01087532498560639
ZAF,2021-10-31,-0.08925933569311442,-0.0042509274683853295
ZAF,2021-11-30,-0.13864717689779707,0.029725814265781275
ZAF,2021-12-31,-0.1434186187352377,0.055107115651013026
ZAF,2022-01-31,-0.10884990033120226,0.03229636407092321
ZAF,2022-02-28,-0.17260625468145727,-0.01621006614794074
ZAF,2022-03-31,-0.1339695114109887,0.022367585563766706
ZAF,2022-04-30,-0.17258533954687513,-0.03952533180114132
ZAF,2022-05-31,-0.15876357870630362,-0.007509045661621042
ZAF,2022-06-30,-0.1852905193095874,-0.02460162128886541
ZAF,2022-07-31,-0.15518451870652566,0.035387964308301496
ZAF,2022-08-31,-0.1459062644376683,0.055289395048237176
ZAF,2022-09-30,-0.1889890937876614,-0.04363294076462646
ZAF,2022-10-31,-0.15404284291692288,0.07967394245780131
ZAF,2022-11-30,-0.15069906838065242,0.0020527921505556837
ZAF,2022-12-31,-0.18456115540255738,0.009063495474256646
ZAF,2023-01-31,-0.1667613965273526,0.03073469584473202
ZAF,2023-02-28,-0.18228245781691585,-0.06495179870195196
ZAF,2023-03-31,-0.1849078766061326,0.019276690555465596
ZAF,2023-04-30,-0.18385110231997384,0.03856296983639662
ZAF,2023-05-31,-0.22911167886752756,-0.03835444429899598
ZAF,2023-06-30,-0.16989669124171597,0.006389370287061388
ZAF,2023-07-31,-0.21129910547385494,0.0019771366501415686
ZAF,2023-08-31,-0.19995741420742605,-0.07902521558488748
ZAF,2023-09-30,-0.2036462468971858,-0.05422910703157966
ZAF,2023-10-31,-0.22345469710626495,-0.06429414068949627
ZAF,2023-11-30,-0.16469076337369237,0.03559395384936067
ZAF,2023-12-31,-0.1680913654110602,0.001525261197543197
ZAF,2024-01-31,-0.22491758539962448,-0.07499386499143862
ZAF,2024-02-29,-0.2260317808346286,-0.06861793562197878
ZAF,2024-03-31,-0.18533031523468313,-0.0458398443524427
ZAF,2024-04-30,-0.23161379486361894,-0.053735365822478266
ZAF,2024-05-31,-0.18535860561676587,-0.044011590222047765
ZAF,2024-06-30,-0.16515931165618025,-0.008419054157725743
ZAF,2024-07-31,-0.1765580733425655,-0.01848789653458804
ZAF,2024-08-31,-0.20815150537751317,-0.030013213574701967
ZAF,2024-09-30,-0.18052818900106882,-0.03854148685971916
ZAF,2024-10-31,-0.24392219558842168,-0.059746750042464686
ZAF,2024-11-30,-0.23253938076150626,-0.0363196056072144
ZAF,2024-12-31,-0.21643187025996374,-0.0412615770209754
